Campaign_ID,Customer_Segment,Campaign_Cost,Impressions,Clicks,Conversions,Revenue
CMP01,Seniors,15244.43,500227,26609,963,80793.62
CMP02,Young Professionals,13875.17,602762,53060,297,20269.82
CMP01,Students,-8780.37,202365,9386,455,28478.33
CMP03,Families,1347.36,77799,2758,291,35630.74
CMP05,Students,14598.9,237950,7737,51,3645.83
CMP02,Seniors,11398.93,416006,39844,137,8971.32
CMP02,Seniors,9854.37,301042,22919,42,2024.59
CMP01,Premium Customers,9675.34,317228,11627,1069,129343.91
CMP03,Young Professionals,4093.81,202930,7314,800,60291.73
CMP04,Seniors,10540.13,1523310,11669,238,15045.8
CMP01,Families,11586.88,312128,17066,1318,132742.74
CMP05,Young Professionals,14257.0,399365,8251,198,21760.75
CMP04,Families,20386.66,1545589,8609,82,5604.4
CMP05,Families,12997.75,428961,13366,169,25570.83
CMP05,Students,18177.75,349160,12020,201,12848.31
CMP02,Students,3419.58,127681,11100,36,1370.31
CMP04,Families,13630.86,891274,7783,164,16527.14
CMP05,Young Professionals,16453.86,371765,13272,369,47663.17
CMP05,Students,15939.11,376232,10413,257,16399.79
CMP04,Students,12644.26,856387,6885,75,5127.03
CMP03,Young Professionals,3942.5,178550,5269,432,31958.87
CMP04,Seniors,13490.94,1642661,9632,199,8589.32
CMP05,Students,16266.69,337341,5275,72,3441.38
CMP05,Students,22271.41,709327,20587,535,33804.05
CMP03,Young Professionals,3576.8,129359,5180,463,46403.09
CMP03,Students,2787.05,90091,3012,190,16681.87
CMP02,Students,15870.89,595070,49982,261,14650.09
CMP05,Students,11682.75,341760,11842,156,10381.39
CMP02, Seniors ,13880.27,502551,54189,252,10518.08
CMP05,Seniors,22006.12,543385,21369,240,30512.79
CMP01,Seniors,12013.58,289158,13309,532,46287.03
CMP05,Premium Customers,19004.14,366775,12016,371,45767.56
CMP05,Premium Customers,11957.72,324915,10850,343,91145.61
CMP05,Seniors,7814.09,147876,5068,60,9251.26
CMP02,Students,11625.17,412800,43327,275,11909.88
CMP05,Premium Customers,17762.8,325974,7403,271,79263.92
CMP04,Families,19912.7,1745790,12000,202,18106.31
CMP05,Seniors,16009.04,297656,7647,137,12199.86
CMP05,Seniors,20105.05,510382,17225,440,37121.41
CMP04,Families,13776.21,997981,7703,74,6265.72
CMP04,Young Professionals,21405.27,1775340,13970,363,17661.79
CMP05,Families,16002.67,437888,8488,125,10735.09
CMP02,Young Professionals,8209.2,223839,23095,248,11534.42
CMP04,Families,17184.58,1725843,20489,594,33197.23
CMP04,Students,16030.89,1008267,8899,176,8178.93
CMP04,Premium Customers,18413.94,1596928,17365,389,37093.15
CMP04,Premium Customers,12874.75,1428450,11626,403,39369.3
CMP04,Premium Customers,8174.98,475832,4804,104,18166.96
CMP01,Seniors,11335.5,260141,13043,653,63576.1
CMP03,Seniors,1838.45,70920,1770,166,11057.33
CMP04,Students,13689.86,1069946,10906,126,6285.9
CMP03,Families,3229.3,125837,3910,245,22484.59
CMP05,Students,22271.03,721549,16674,256,26764.57
CMP02,Seniors,12968.7,343865,29485,170,8840.09
CMP01,Seniors,5384.28,166239,6213,248,19334.03
CMP03,Families,2332.99,96011,4578,239,22795.29
CMP04,Premium Customers,12400.36,1228874,10298,201,14181.77
CMP05,Students,7120.39,154722,5053,75,5765.82
CMP01,Young Professionals,11010.79,291692,15210,973,73333.26
CMP05,Seniors,24098.1,465649,10069,250,16510.59
CMP01,Families,6983.55,235584,8423,492,54283.56
CMP04,Seniors,13929.65,858897,7957,106,5714.38
CMP04,Families,16329.5,1451905,12221,186,16330.24
CMP03,Premium Customers,5295.82,272119,10809,1361,222881.53
CMP02,Premium Customers,8487.67,258118,23099,263,35750.16
CMP03,Young Professionals,4093.81,202930,7314,800,60291.73
CMP01,Seniors,8654.6,310297,15302,879,71355.97
CMP05,Premium Customers,8139.67,177083,2992,78,17241.95
CMP05,Students,11144.02,499212,17811,319,23962.3
CMP02,Young Professionals,4842.75,148474,13113,80,3787.56
CMP01,Students,8744.66,231398,10089,560,35517.97
CMP01,Young Professionals,9633.63,234109,14276,675,50192.67
CMP02,Premium Customers,7447.23,268195,24758,342,43576.05
CMP02,Premium Customers,9988.31,376572,28416,136,14503.17
CMP01,Seniors,8982.83,282764,11146,573,43488.74
CMP03,Students,2134.83,85831,2742,132,6164.14
CMP03,Premium Customers,4719.53,220401,8105,822,113251.54
CMP03,Seniors,4048.2,185645,8704,868,61752.67
CMP03,Students,4376.66,157051,6160,366,27612.69
CMP01,Families,11707.09,378955,19316,1401,165672.68
CMP02,Premium Customers,8811.68,291698,21440,329,37945.15
CMP03,Families,3138.73,118504,4778,372,40770.22
CMP02,Families,9933.23,364210,34678,234,15177.02
CMP01,Young Professionals,10277.5,319542,14720,1116,108142.1
CMP05,Students,21642.74,449172,18697,447,36390.19
CMP03, Families ,6425.26,302594,11964,1109,93803.52
CMP04,Seniors,16892.92,1116121,4729,42,2590.96
CMP04, Seniors ,14637.73,691762,7925,161,9506.8
CMP02,Families,9097.61,229550,18343,21,1037.67
CMP02,Premium Customers,8580.88,291440,24344,218,33229.2
CMP01,Families,7645.08,164112,7205,309,22844.36
CMP03,Families,2722.48,106261,3132,198,14769.54
CMP03,Families,3443.69,122440,5348,385,28517.39
CMP02,Seniors,7285.14,213777,16600,66,3290.98
CMP03, Premium Customers ,3171.83,121570,3713,398,69654.27
CMP05,Premium Customers,17010.82,345399,11562,468,88033.2
CMP04,Seniors,14870.63,1360834,8864,91,6059.66
CMP05,Families,20898.1,542150,24949,860,78086.01
CMP02,Young Professionals,13766.67,418301,34855,402,22664.95
CMP01,Families,9642.16,234910,11927,509,62563.84
CMP05,Premium Customers,9695.89,180201,6517,203,42497.83
CMP02,Premium Customers,8613.32,272041,25054,294,24325.22
CMP02,Students,9324.42,285701,27042,50,1454.63
CMP04,Premium Customers,15561.15,1370649,9334,272,44051.78
CMP02,Students,7523.91,255951,358331,164,7958.43
CMP04,Seniors,18664.02,1278518,9401,101,6968.54
CMP03,Premium Customers,2692.44,127091,4168,572,93813.23
CMP03,Students,2408.16,97176,4435,197,13154.21
CMP03,Families,4312.73,252356,8165,687,64828.85
CMP05,Premium Customers,16216.48,458646,15157,401,86542.13
CMP04,Families,20498.29,2224945,13839,199,14631.34
CMP05,Young Professionals,25116.6,468106,12968,390,35386.74
CMP03,Seniors,2497.81,138600,5112,308,25437.82
CMP05,Students,16044.4,335020,12077,92,8061.49
CMP03,Students,4074.72,181100,7466,541,34253.23
CMP04,Premium Customers,15532.17,2332298,22363,603,73532.77
CMP04,Premium Customers,13469.44,1062114,10806,268,33460.62
CMP02,Premium Customers,8305.05,261537,23808,171,20324.2
CMP04,Families,13887.1,1128058,8899,57,6277.77
CMP04,Young Professionals,12460.29,907086,5461,110,9201.31
CMP02,Seniors,3004.35,130242,11454,79,4307.66
CMP04,Premium Customers,17072.29,1250586,13740,495,71662.58
CMP04,Premium Customers,13488.84,1610802,9603,186,22971.2
CMP05,Premium Customers,12841.16,270143,12519,,56545.74
CMP03,Families,1581.91,81532,3484,334,22639.72
CMP04,Young Professionals,14455.49,1571528,13068,318,21418.29
CMP04,Families,22551.96,1527435,18855,588,39132.95
CMP02,Families,6407.95,191765,14293,35,1859.85
CMP02,Seniors,10496.25,334009,37548,229,9499.28
CMP05,Seniors,16624.37,462657,16352,603,43738.26
CMP01,Premium Customers,4044.09,101822,2693,206,37522.24
CMP04,Premium Customers,17554.14,1288034,13386,317,42880.14
CMP01,Young Professionals,11790.37,264770,6922,607,50053.89
CMP02,Young Professionals,13584.72,739032,52190,320,17466.1
CMP02,Students,13880.18,359178,32337,268,10483.41
CMP02,Families,13232.55,465000,40479,140,9095.63
CMP02,Premium Customers,8382.14,345926,30647,165,15683.59
CMP02,Seniors,7801.27,296609,21513,150,6754.79
CMP03,Students,2420.54,105097,3996,363,15730.28
CMP05,Seniors,21889.21,468104,17418,146,13393.63
CMP01,Young Professionals,5962.01,145778,7648,682,73418.41
CMP05,Families,14969.52,556631,10608,213,15105.85
CMP01,Seniors,5161.65,123834,7052,270,28111.44
CMP03,Seniors,3705.95,188520,4706,367,26119.9
CMP03,Premium Customers,3528.32,235475,9942,720,108443.0
CMP02,Seniors,5050.51,163414,15088,87,5311.41
CMP03,Students,3737.18,251751,9718,662,31516.44
CMP02,Families,4079.54,206507,14733,46,2343.43
CMP02,Premium Customers,11976.56,571041,48504,446,42221.32
CMP02,Families,8489.91,352257,18673,229,
CMP01,Young Professionals,8510.32,359105,16530,1235,120400.41
CMP01,Students,4827.34,112728,5418,241,12026.47
CMP04,Young Professionals,14814.42,1097899,6046,143,8950.25
CMP03,Young Professionals,2889.8,130641,4208,481,40150.87
CMP04,Young Professionals,15010.29,969387,8710,190,12547.6
CMP01,Seniors,8685.95,194978,9045,411,38411.6
CMP05,Students,20835.69,359904,9201,199,14800.06
CMP01,Seniors,5641.47,146459,4984,146,13662.94
CMP04,Families,18132.06,1624623,11643,125,11379.65
CMP04,Young Professionals,13827.05,1041301,9319,228,18091.3
CMP01,Seniors,6673.99,173308,6940,407,33565.66
CMP02,Families,5696.18,230447,13822,30,2399.35
CMP03,Young Professionals,3085.95,139762,5209,586,60603.96
CMP03,Premium Customers,5529.39,333921,9181,1016,133699.24
CMP02,Young Professionals,10371.34,385790,34173,229,15430.93
CMP02,Premium Customers,6872.96,228763,13482,172,15370.92
CMP01,Students,13770.34,371673,19777,841,65412.53
CMP03,Students,4497.91,184252,6295,413,22499.88
CMP03,Seniors,3844.59,182393,7389,533,45502.71
CMP04,Young Professionals,22327.84,2063813,22130,305,16085.92
CMP04,Seniors,12648.92,762291,5522,125,6021.57
CMP05,Families,19939.79,452350,17816,481,40420.46
CMP02,Students,12462.48,290060,25304,178,7825.87
CMP04,Students,16866.07,1293046,8827,84,3535.26
CMP02,Families,10199.06,332316,33269,333,19417.35
CMP05,Students,18189.75,402028,11403,178,23265.97
CMP02,Seniors,12389.16,465170,42048,350,16962.12
CMP05,Young Professionals,10134.28,170996,7777,288,23652.61
CMP03,Students,4096.36,143136,4614,443,23739.6
CMP03,Young Professionals,2383.81,92804,3382,321,17709.56
CMP01,Students,9867.41,259050,,532,37483.98
CMP03,Young Professionals,3908.61,119681,3977,465,28679.04
CMP03,Premium Customers,4211.71,163326,5263,445,62046.22
CMP05,Families,14988.53,389785,14349,404,32787.14
CMP02,Seniors,12391.15,419941,27081,144,8402.91
CMP02,Students,8591.4,290611,22664,81,3273.14
CMP02,Premium Customers,13114.64,394488,25148,228,20520.54
CMP05,Young Professionals,18138.6,435182,12292,283,395153.0
CMP03,Seniors,,240768,9566,805,45648.15
CMP02,Seniors,17216.06,514072,45274,305,15483.94
CMP01,Seniors,7599.95,161781,5270,222,24750.57
CMP03,Seniors,1936.06,82902,3817,224,18827.38
CMP04,Students,16879.06,1800184,19505,316,12683.33
CMP01,Premium Customers,5134.3,137672,6428,552,
CMP04,Families,15757.39,1339578,10122,314,35573.89
CMP02,Young Professionals,13196.93,396296,30116,237,16879.05
CMP02,Families,13681.83,418447,30810,325,28534.81
CMP02,Premium Customers,8811.68,291698,21440,329,37945.15
CMP01,Young Professionals,8270.54,182173,8470,638,66279.56
CMP01,Seniors,11009.08,266226,10386,694,59062.93
CMP02,Premium Customers,7469.91,305948,25186,344,20403.49
CMP03,Seniors,3966.71,143795,3641,232,10264.26
CMP03,Young Professionals,3588.72,188730,7570,714,63905.88
CMP03,Premium Customers,3146.1,173481,5232,465,60722.5
CMP01,Families,13402.64,322111,9325,497,41064.81
CMP01,Students,8574.19,246353,8634,425,33399.59
CMP04,Young Professionals,19145.16,1496977,15033,23,2054.31
CMP01,Young Professionals,10502.19,333312,10689,707,56410.73
CMP03,Seniors,800.0,33030,1590,116,9971.31
CMP03,Seniors,3176.78,175516,7325,466,34692.82
CMP04,Seniors,17592.18,1881448,15914,196,12969.32
CMP03,Premium Customers,2380.79,120111,4381,416,60812.65
CMP01,Young Professionals,13375.63,418116,15999,1010,78230.83
CMP03,Young Professionals,2346.04,122956,5017,505,53500.66
CMP02,Young Professionals,8177.54,350272,22251,128,6443.37
CMP01,Young Professionals,7560.83,176121,8594,457,58818.36
CMP01,Seniors,7062.65,139045,6827,411,33110.33
CMP05,Seniors,22262.14,432231,10567,194,17452.62
CMP05,Seniors,15384.13,314378,8986,147,13368.86
CMP01,Students,9410.09,296899,9361,385,22268.5
CMP02,Premium Customers,16945.28,611517,63335,946,87562.36
CMP02,Young Professionals,14192.42,464268,42787,127,6895.64
CMP05,Students,22511.02,515330,19536,462,53077.18
CMP01,Young Professionals,7756.98,196274,7910,412,33252.74
CMP05,Families,9817.38,202495,6872,161,15909.43
CMP05,Students,19329.17,320975,5310,94,7508.9
CMP03,Seniors,5209.67,262859,11792,842,56746.97
CMP01,Young Professionals,10140.05,282012,12490,647,66374.33
CMP05,Families,14890.48,292494,9261,231,24894.19
CMP03,Families,3644.35,197690,7390,668,69639.16
CMP04,Seniors,,862374,6523,179,9300.42
CMP04,Young Professionals,10106.95,728752,6920,185,11106.8
CMP04,Seniors,13311.47,983135,7212,93,5449.88
CMP01,Young Professionals,6769.01,133445,5522,357,28301.2
CMP02,Young Professionals,12642.1,458682,42057,237,19659.87
CMP03,Young Professionals,3706.83,191455,6489,462,34500.39
CMP05,Seniors,13301.72,317002,5249,113,11833.32
CMP04,Young Professionals,14509.78,1264548,12827,265,16093.1
CMP03,Young Professionals,2409.4,89851,3251,306,17757.31
CMP02,Students,10914.55,483085,44984,364,18397.44
CMP02,Students,13087.29,408542,38451,275,11372.05
CMP02,Premium Customers,8048.91,233427,20150,175,17317.55
CMP05,Families,17410.91,329711,11617,467,77940.81
CMP05,Students,13036.25,454502,9716,367,34156.18
CMP03,Students,4668.57,206999,9168,777,55632.6
CMP05,Premium Customers,17502.67,533794,11992,410,77984.34
CMP02,Premium Customers,6952.49,312210,30495,144,19129.64
CMP03,Students,2016.84,90048,3988,204,12064.37
CMP01,Students,10957.82,270638,12944,447,38297.59
CMP01,Families,9251.53,281258,393761,665,48004.71
CMP03,Families,3942.17,287367,12614,856,58966.37
CMP05,Premium Customers,15817.44,320164,11683,349,55123.26
CMP05,Families,25645.72,814843,12134,407,55263.25
CMP04,students,9267.65,748783,7496,124,5063.53
CMP04,Seniors,12634.41,1165267,11455,137,9303.6
CMP04,Seniors,19183.24,1734446,12419,206,16001.3
CMP02,Seniors,7403.67,222862,18667,95,6037.32
CMP01,Young Professionals,10128.36,298897,15387,1379,123987.85
CMP03,Families,4723.02,219586,8931,1132,63404.81
CMP05,Students,20360.48,500227,11827,98,5056.37
CMP02,Premium Customers,11774.07,465338,28348,241,23769.8
CMP01,Premium Customers,6159.84,200027,7827,454,72960.74
CMP04,Premium Customers,14492.96,1058517,7806,253,27771.66
CMP03,Students,3772.39,192192,7595,471,30327.21
CMP05,Young Professionals,19334.11,360317,504444,181,27122.79
CMP03,Seniors,3199.06,159151,7019,496,31422.05
CMP04,Families,20527.57,1753203,20911,330,24331.86
CMP02,Premium Customers,10376.92,424989,36292,229,15679.04
CMP01,Premium Customers,9245.04,280899,12970,860,
CMP04,Young Professionals,15030.06,1092790,8604,147,11580.34
CMP05,Seniors,13720.16,334867,11508,185,11606.45
CMP03,Seniors,3348.65,151193,7243,551,40331.72
CMP04,Young Professionals,18630.49,1885035,13305,457,32443.63
CMP01,Students,13556.62,303082,16943,814,54224.85
CMP05,Students,20408.59,489545,9736,260,19775.49
CMP05,Premium Customers,11100.68,207679,7720,295,43246.8
CMP01,Families,5940.6,156225,6454,486,45470.48
CMP04,Young Professionals,17250.04,1610847,10332,210,15978.41
CMP05,Premium Customers,21098.52,469758,14296,485,72707.73
CMP04,Young Professionals,20524.29,1448221,12968,231,19658.68
CMP03,Families,5060.09,190531,7777,605,66823.49
CMP01,Young Professionals,6133.01,122035,4020,195,23357.22
CMP01,Students,8850.48,276661,12579,566,39819.17
CMP02,Students,15825.19,710827,66670,466,19207.69
CMP02,Seniors,12322.33,386267,24476,196,10185.32
CMP03,Seniors,3473.48,213478,9976,666,61109.33
CMP04,Seniors,14203.31,1028374,9796,201,16415.75
CMP04,Young Professionals,13423.15,1439553,9662,234,14216.42
CMP03,Young Professionals,2983.12,149272,6556,547,42041.93
CMP05,Students,18572.94,402067,13235,324,38279.66
CMP05,Families,17301.03,379407,8526,144,21123.07
CMP04,Seniors,15308.99,1233047,11417,207,17054.07
CMP04,Students,15178.76,1333336,11864,70,3120.35
CMP01,Students,9087.61,234938,10146,583,40186.44
CMP03,Young Professionals,2907.17,124517,4542,436,29378.02
CMP01,Premium Customers,5009.58,124223,6374,441,67818.37
CMP04,Seniors,15054.39,1228661,10041,227,14305.78
CMP04,Students,12451.41,815672,6195,186,8675.76
CMP01,Seniors,6444.8,174278,9952,572,63501.11
CMP02,Students,12604.4,422744,34743,151,5160.7
CMP03,Students,4435.52,184011,9388,736,47840.03
CMP02,Premium Customers,11642.52,356212,30185,349,30207.55
CMP05,Students,12545.7,249934,4472,96,6040.31
CMP05,seniors,17430.97,445484,11977,137,16390.44
CMP02,Students,6827.46,230263,16581,142,6716.05
CMP03,Seniors,5134.78,190107,6966,357,29101.15
CMP04,Premium Customers,14835.22,1112891,12389,174,19780.67
CMP04,Premium Customers,15066.67,1312339,8812,171,19866.76
CMP01,Young Professionals,5764.42,168253,6688,458,40344.06
CMP02,Students,10997.49,336188,26274,263,11812.42
CMP04,Students,10172.12,788854,6696,79,3054.67
CMP01,Premium Customers,10418.62,277756,11869,720,136697.51
CMP04,Premium Customers,13458.03,1255172,5702,152,15517.05
CMP01,Seniors,10719.26,297877,10673,560,66132.53
CMP04,Students,11500.78,1228851,11295,195,8208.63
CMP01,Seniors,6496.37,180704,7340,432,38705.96
CMP02,Premium Customers,10756.61,370986,35454,420,45506.36
CMP04,Premium Customers,-16023.37,1387842,,100,12633.71
CMP05,Seniors,13790.93,484362,19721,370,25836.04
CMP04,Students,13761.01,815351,8133,124,6093.96
CMP01,Families,4752.97,141920,6087,351,
CMP01,Families,10809.12,264580,9469,355,37062.73
CMP01,Young Professionals,9428.19,292201,14489,972,89425.97
CMP04,Premium Customers,18285.56,1559491,15213,557,73974.46
CMP02,Young Professionals,8039.61,215852,14216,56,3752.42
CMP02,Young Professionals,9269.36,268824,16895,143,11210.28
CMP05,Young Professionals,16994.88,343603,6656,168,16894.59
CMP04, Premium Customers ,18857.9,1714042,12896,330,37844.7
CMP01,Families,3543.19,102171,4337,334,45539.24
CMP02,Families,9187.79,306375,26882,171,11956.67
CMP03,Families,,159914,5013,489,44542.47
CMP04,Young Professionals,21181.83,2846978,20583,529,35200.87
CMP02,Families,11081.4,338850,30368,166,9215.28
CMP04,Seniors,9794.12,881128,9017,77,5810.36
CMP03,Premium Customers,2794.88,122261,4430,743,134501.28
CMP04,Students,19640.09,1438740,10761,224,12000.94
CMP04,Premium Customers,6846.05,989001,9078,215,22294.83
CMP01,Students,11834.04,301523,13963,704,43325.37
CMP05,Families,16113.66,293261,7694,277,21873.69
CMP02,Families,10345.97,422105,35762,44,3370.52
CMP03,Seniors,3891.36,178743,8599,668,49708.65
CMP03,Young Professionals,4076.0,209185,7640,693,52909.33
CMP01,Premium Customers,10181.42,244529,11732,922,147112.15
CMP05,Students,8805.56,224870,10458,202,20722.83
CMP05,Students,18794.36,341298,12095,41,1366.78
CMP01,Families,9812.09,284663,17241,932,86537.84
CMP02,Families,11006.48,457006,45088,255,19152.98
CMP03,Students,4518.2,235182,7149,10724,47512.4
CMP03,Families,2700.51,119215,3838,431,40941.62
CMP01,Seniors,10305.84,245420,8936,472,45960.34
CMP05,Young Professionals,16596.17,319124,13203,339,34794.68
CMP01,Students,12837.24,263659,10303,505,34408.98
CMP05,Families,14808.92,299005,6270,140,14617.01
CMP05,Young Professionals,12811.95,286049,9245,298,29338.51
CMP03,Seniors,1568.97,88456,3838,275,25272.84
CMP04,Students,19955.9,1341138,8224,108,7715.48
CMP02,Premium Customers,8208.88,220988,20710,221,28734.68
CMP03,Families,3572.87,166810,8017,783,54248.1
CMP03,Young Professionals,4545.85,290139,11292,1029,65710.88
CMP02,Students,12467.67,484360,35634,188,8559.09
CMP01,Seniors,10182.92,212829,11458,691,43834.1
CMP04,Young Professionals,18174.85,1879396,10169,276,12268.53
CMP01,Premium Customers,9556.15,289301,15937,1273,146354.0
CMP02,Families,14346.62,445929,42708,342,8478.82
CMP03,Families,2395.27,117471,5035,551,31453.92
CMP02,Students,8323.28,252375,16756,153,7208.1
CMP01,Premium Customers,8888.64,231407,10671,745,133825.59
CMP05,Students,13542.88,305344,7859,179,18735.37
CMP04,Families,19104.12,1576637,13579,209,12649.08
CMP01,Students,8527.55,198544,9832,619,45641.44
CMP04,Seniors,15050.86,1047490,7176,83,3187.68
CMP01,Seniors,12633.83,,11000,609,55869.13
CMP03,Young Professionals,3473.83,150944,5193,671,74549.44
CMP05,Young Professionals,20028.42,415235,14718,215,19667.34
CMP02,Young Professionals,10832.76,356007,29107,378,27903.87
CMP01,Young Professionals,6072.48,171598,7874,598,54894.79
CMP04,Students,16030.89,1008267,8899,176,8178.93
CMP01,Seniors,5972.48,227293,10298,353,29333.85
CMP01,Seniors,10196.49,256209,10181,561,37841.41
CMP02,Families,12712.57,436432,35478,94,6272.52
CMP03,Families,3720.05,176542,6918,551,39230.74
CMP01,Seniors,7742.66,162256,6442,351,30824.59
CMP05,Seniors,20815.35,634355,20464,505,51069.4
CMP05,Seniors,17718.2,468620,16186,402,51727.42
CMP03,,4738.78,201792,5839,507,38612.41
CMP01,Seniors,10419.92,251897,10578,354,26225.76
CMP05,Young Professionals,12067.2,246164,5220,132,7247.03
CMP03,Seniors,3972.56,303566,15684,1727,109284.66
CMP04,Seniors,11852.6,903297,9183,195,11344.0
CMP01,Families,6960.37,177687,10512,683,91051.42
CMP04,Young Professionals,11235.53,911359,6545,94,4578.33
CMP02,Young Professionals,10740.52,313571,31523,203,9225.32
CMP02,Families,11459.64,328320,32891,208,16366.18
CMP02,Premium Customers,6510.14,242430,20489,63,7180.66
CMP02,Premium Customers,7347.29,243897,19521,100,8232.68
CMP05,Young Professionals,11188.84,307239,6476,195,27849.52
CMP03,Seniors,4150.03,165734,5758,480,44990.69
CMP01,Young Professionals,13385.94,285220,12973,959,73452.49
CMP02,Seniors,10248.59,361514,32706,311,19258.06
CMP04,Families,20340.05,1846177,12808,327,27030.7
CMP04,Premium Customers,14505.34,1615458,12526,234,26432.91
CMP04,Premium Customers,17456.04,1209654,7598,162,
CMP03,Premium Customers,4806.27,214844,10550,1153,174905.83
CMP01,Premium Customers,10733.58,279622,16250,1453,250800.73
CMP03,Seniors,4384.85,,8749,746,67282.5
CMP05,Premium Customers,13036.18,267025,6307,242,32571.05
CMP04,Young Professionals,14016.65,1105076,11958,219,17852.18
CMP04,Young Professionals,15857.1,1041393,8456,91,8362.41
CMP05,Premium Customers,16367.61,400113,12672,380,57953.45
CMP05,Young Professionals,19462.14,603465,11992,305,35060.71
CMP02,Young Professionals,5609.97,252935,25769,288,20501.84
CMP05,Seniors,27001.72,598990,20404,709,82272.99
CMP02,Students,7856.22,239851,17746,159,6160.21
CMP05,Students,13404.93,370359,14897,341,28773.35
CMP01,Families,8474.44,194057,8270,506,40904.81
CMP01,Students,9019.48,275648,11315,374,31657.57
CMP05,Young Professionals,14675.32,334811,7952,175,12406.15
CMP03,Seniors,2953.83,128537,4633,361,33504.44
CMP01,seniors,9365.39,289345,17385,908,80282.06
CMP02,Premium Customers,9908.12,338510,19430,230,26535.18
CMP05,Young Professionals,16185.17,388725,12504,317,48173.75
CMP05,Young Professionals,16345.38,310696,11195,336,45685.0
CMP01,Premium Customers,9136.36,294601,15503,657,115067.48
CMP01,Seniors,12492.05,400017,16428,1041,88558.55
CMP04,Premium Customers,20801.84,2118127,9787,186,20186.28
CMP04,Young Professionals,14379.0,1706567,14398,304,24857.13
CMP03,Students,2346.95,95495,4409,438,29833.67
CMP01,Families,8918.29,297472,,845,91257.87
CMP03,Students,3275.38,141597,4603,258,15609.47
CMP02,Premium Customers,14200.19,350136,33512,390,24111.04
CMP02,Premium Customers,6125.57,203401,18407,140,16291.95
CMP03,Premium Customers,3473.95,145486,5407,485,97850.16
CMP02,Families,9492.14,329068,28097,202,13029.81
CMP02,Seniors,14794.51,422426,44914,406,24697.3
CMP04,Students,18425.82,1743396,16751,185,7711.52
CMP05,Students,14287.98,336468,9518,188,16951.19
CMP02,Students,7273.39,198280,13140,132,6066.55
CMP02,Premium Customers,7341.63,254453,17648,145,16914.24
CMP05,Young Professionals,17499.99,492531,18758,652,74978.8
CMP04,Students,12644.26,856387,6885,75,5127.03
CMP01,Young Professionals,8594.96,262659,9881,463,46506.46
CMP05,Students,11144.02,499212,17811,319,23962.3
CMP05,Families,21189.77,381222,12226,219,23117.64
CMP02,Families,11012.63,353448,33663,303,20449.92
CMP02,Families,5672.31,248736,17861,170,10664.54
CMP05,,19517.82,412555,9915,191,22589.26
CMP03,Young Professionals,2266.24,137469,3207,313,24338.42
CMP03,Students,3565.7,142837,5361,238,12340.44
CMP03,Families,3676.69,254279,8175,710,70091.55
CMP01,Families,9250.68,281258,14225,21338,96628.97
CMP04,Young Professionals,12460.29,907086,5461,110,9201.31
CMP04,Students,17639.38,1088576,8383,106,5926.42
CMP04,families,13006.37,752944,5101,135,7828.23
CMP02,Seniors,12668.84,350919,33911,235,14256.1
CMP04,Young Professionals,15722.31,1521178,11714,283,17580.76
CMP03,Students,2924.16,154435,7198,640,41083.47
CMP02,Families,11443.26,524235,42841,265,18454.55
CMP02,Seniors,9055.27,227814,18034,123,11001.98
CMP01,Young Professionals,6844.19,200588,7368,474,34223.87
CMP04,Young Professionals,18761.09,2284243,15510,265,23875.88
CMP04,Seniors,15954.64,1197757,10837,245,15831.01
CMP05,Young Professionals,13868.51,296144,9128,215,20708.92
CMP01,Premium Customers,8469.03,205627,9681,619,107580.03
CMP05,Seniors,21128.31,507961,12240,354,31829.82
CMP01,Young Professionals,6152.72,148033,6623,332,23961.0
CMP03,Young Professionals,2562.23,147842,5309,429,41002.33
CMP02,Young Professionals,10157.83,256686,25901,74,4422.67
CMP05,Seniors,21186.43,491278,17389,225,33443.59
CMP03,Families,3692.84,137343,4793,368,29881.43
CMP04,Students,14702.03,1302871,8601,138,4605.0
CMP05,Families,13891.37,310121,10566,345,44993.84
CMP04,Seniors,12744.84,907224,4415,61,5217.36
CMP05,Young Professionals,16371.38,441487,13351,470,57750.88
CMP02,Young Professionals,10968.16,335910,19071,170,9255.23
CMP03,Premium Customers,4076.1,243000,8089,919,108441.13
CMP01,Seniors,9861.26,263523,10960,436,27165.23
CMP02,Young Professionals,15249.6,528770,38822,470,24855.03
CMP03,Families,4083.02,200912,8180,779,95433.48
CMP04,Students,11314.19,921844,9996,206,15043.25
CMP03,Young Professionals,2636.36,94161,3061,298,27668.24
CMP05,Seniors,18805.02,530531,12451,245,17932.38
CMP03,Seniors,2287.77,105674,4540,314,27417.49
CMP02,Families,10091.09,301350,24914,261,16853.2
CMP04,Seniors,17604.58,1755293,15928,220,16004.56
CMP01,Premium Customers,9812.49,,10576,589,82098.75
CMP03,Young Professionals,3504.8,169479,6287,697,66154.47
CMP05,Young Professionals,26088.3,691578,19185,507,57639.63
CMP03,Families,1854.11,78163,3711,243,20359.43
CMP03,Students,4066.55,145521,3784,303,16168.3
CMP02,Seniors,15081.35,519963,43298,93,4912.71
CMP03,Young Professionals,3161.6,118808,4587,394,34954.98
CMP01,Students,8627.7,248279,12201,620,36562.72
CMP02,Seniors,7219.69,210253,19156,176,8988.89
CMP01,Families,8474.44,194057,8270,506,40904.81
CMP03,Seniors,2551.82,122118,5364,418,42432.95
CMP04,Families,11975.68,1153099,7916,75,4783.93
CMP04,Students,14627.16,1394155,10040,126,6587.03
CMP05,Families,30631.78,883314,18120,537,43126.07
CMP05,Families,13550.67,250064,7504,95,6355.06
CMP03,Families,1731.32,60401,1874,165,14363.15
CMP05,Seniors,21378.2,469656,25804,694,43010.35
CMP05,Premium Customers,15205.99,470329,7563,236,44773.2
CMP03,Premium Customers,3868.76,179884,7289,795,126177.08
CMP04,Families,16990.44,2042157,18860,,24649.63
CMP02,Seniors,13956.02,458740,45722,195,10614.92
CMP05,Premium Customers,13302.11,313240,11375,489,128705.57
CMP01,Seniors,8410.73,210440,8340,390,26188.65
CMP04,Families,14136.2,2593914,10483,127,10102.85
CMP03,Young Professionals,4330.3,215687,8349,519,43915.06
CMP05,Students,17741.31,545311,18720,536,38542.24
CMP01,Premium Customers,11352.48,395000,16431,1156,212550.19
CMP05,Families,14981.71,373972,12128,277,20009.91
CMP02,Young Professionals,8891.09,275952,24292,185,13274.0
CMP03,Students,4247.03,114691,,246,10454.13
CMP01,Premium Customers,10514.29,283485,14520,691,102019.35
CMP04,Families,18362.23,1216765,12456,18684,10069.16
CMP02,Seniors,,331874,28247,271,13711.6
CMP01,Students,10913.18,244497,9476,416,36393.61
CMP03,Families,2511.07,155320,7104,592,45932.98
CMP03,Premium Customers,1020.11,56256,1937,202,30928.82
CMP05,Families,12460.37,310361,9710,204,23859.25
CMP05,Seniors,17769.57,269169,7823,151,11201.69
CMP05,Seniors,25562.53,619793,20455,303,27818.25
CMP02,Young Professionals,12114.09,440270,38108,460,13245.87
CMP01,Students,13202.18,372064,17057,678,42013.85
CMP01,Families,6513.91,165300,7308,394,39751.0
CMP04,Young Professionals,13388.04,817098,7630,133,9750.82
CMP01,Students,10910.93,290801,12077,640,33971.08
CMP05,Premium Customers,20404.53,447665,13437,304,404392.8
CMP02,Students,12083.25,516730,42050,159,5937.47
CMP05,Premium Customers,21317.2,391108,10141,459,113291.29
CMP05,Premium Customers,20813.4,438005,613207,480,94688.59
CMP03,Students,2183.31,91475,3904,266,15334.12
CMP04,Premium Customers,11704.6,922288,5938,211,19212.02
CMP01,Students,7251.6,147467,6844,368,26078.17
CMP04,Students,15757.41,2162588,19211,243,128515.20000000001
CMP03,Seniors,4148.78,152011,3424,241,21965.74
CMP04,Seniors,16694.09,1183406,9969,275,21775.81
CMP01,Young Professionals,7295.72,206915,8545,630,68392.64
CMP05,Students,14975.05,363081,10612,241,12568.46
CMP03,Premium Customers,1808.28,70802,2322,262,40483.97
CMP05,Students,22025.6,525284,17481,548,48194.81
CMP04,Students,13767.36,1001176,10649,173,8715.82
CMP03,Families,2973.64,150165,6201,516,47370.92
CMP05,Families,23329.0,602833,23537,598,59729.99
CMP01,Families,5652.17,165470,6966,466,50464.87
CMP03,Students,2545.72,96192,3752,280,18354.86
CMP02,Students,9516.89,283494,22797,133,6410.61
CMP01,Seniors,10222.39,294594,9333,478,37433.97
CMP01,Families,7193.72,158806,6038,272,30152.49
CMP05,Families,26873.71,515253,12809,160,20254.85
CMP05,Young Professionals,13391.31,240861,8023,80,8775.08
CMP01,Premium Customers,6634.89,183306,7394,588,116924.92
CMP02,Seniors,12243.16,456353,32599,348,24643.43
CMP03,young professionals,3683.57,161424,4993,493,35104.08
CMP03,Seniors,4441.74,230360,7533,609,42565.86
CMP03,Families,2236.73,112394,4541,383,33280.21
CMP04,Young Professionals,10488.24,1065396,7242,158,10528.49
CMP03,Seniors,4668.58,221059,7688,440,29952.74
CMP04,Families,21236.37,1319962,10169,219,15174.58
CMP04,Young Professionals,17568.91,1690810,13772,89,6042.08
CMP01,Young Professionals,10416.69,288948,12621,686,71046.95
CMP01,,5524.01,137535,6474,276,23087.74
CMP04,Seniors,9494.36,706650,6257,72,3791.15
CMP05,Seniors,12922.91,309399,9097,272,23763.03
CMP04,Students,19293.0,1605109,7479,,4031.78
CMP01,Premium Customers,6141.85,178689,8382,700,120303.75
CMP03,Families,2321.32,101874,4446,332,36927.02
CMP02,Young Professionals,7558.04,235580,17879,159,8917.7
CMP01,Young Professionals,10277.5,319542,14720,1116,108142.1
CMP02, Seniors ,15523.85,434859,35844,290,18317.64
CMP04,Young Professionals,11637.96,818262,7781,178,9681.62
CMP02,seniors,12959.87,504358,41397,223,10953.18
CMP05,Seniors,24725.36,479386,15848,233,18677.24
CMP03,Students,3215.95,186161,4723,246,19140.65
CMP03,Seniors,2648.21,123561,3729,252,17507.84
CMP02,Seniors,8746.44,250976,21473,140,8377.11
CMP01,Young Professionals,9925.75,388380,19689,1309,101471.07
CMP02,Students,15805.55,555922,44303,179,8263.05
CMP05,Families,22565.64,432383,10284,247,26040.19
CMP04,Seniors,16524.54,1443580,11023,167,10871.8
CMP02,Young Professionals,8892.03,250298,22955,238,13782.13
CMP04,Premium Customers,11898.77,1527932,13253,485,66751.98
CMP02,Students,14630.69,435904,28026,269,16372.57
CMP05,Students,16606.88,351888,11305,237,14078.88
CMP01,Students,9062.36,243104,11028,521,48883.77
CMP04,Seniors,7520.63,454629,3303,63,4486.08
CMP05,Young Professionals,14614.95,428545,11729,259,33861.15
CMP02,Premium Customers,8160.62,266803,23429,320,47717.31
CMP01,Students,7854.06,260798,13110,729,45779.56
CMP04,Families,15254.93,1499994,13026,213,15128.16
CMP05,Premium Customers,13158.13,273662,7312,218,34122.1
CMP01,Families,10283.16,343876,9676,460,49714.41
CMP01,Students,7831.02,187589,8434,447,23374.63
CMP04,Families,10844.22,693938,3644,80,7606.67
CMP01,Seniors,5843.74,130868,7012,362,20082.76
CMP02,Premium Customers,7293.65,367263,36938,191,17588.93
CMP02,Families,9690.35,303226,33743,417,29699.0
CMP03,Young Professionals,3912.65,208671,5856,482,40732.18
CMP03,Seniors,3291.92,133548,6211,533,37229.97
CMP01,Families,7285.19,181144,8569,540,69093.98
CMP01,Young Professionals,12219.63,337402,19171,1325,92782.15
CMP01,Seniors,11953.14,301399,17257,908,81360.15
CMP01,Families,5973.69,150274,8291,552,47166.5
CMP05,Premium Customers,14955.64,273385,8970,288,61701.79
CMP04,Students,11769.46,794809,8729,154,8139.74
CMP05,Young Professionals,25362.75,937682,45405,1129,116538.29
CMP03,Young Professionals,3026.23,135119,4800,506,41236.04
