Campaign_ID,Customer_Segment,Campaign_Cost,Impressions,Clicks,Conversions,Revenue,CTR,CVR,CPA,ROAS
CMP01,Seniors,15244.43,500227.0,26609.0,963.0,80793.62,5.319384999210359,3.6190762523958058,15.830145379023884,5.299878053820313
CMP02,Young Professionals,13875.17,602762.0,53060.0,297.0,20269.82,8.802811059754928,0.559743686392763,46.71774410774411,1.460870028979825
CMP01,Students,8780.37,202365.0,9386.0,455.0,28478.33,4.638153830949028,4.847645429362881,19.297516483516485,3.243408876846875
CMP03,Families,1347.36,77799.0,2758.0,291.0,35630.74,3.545032712502731,10.551124002900652,4.6301030927835045,26.444855124094527
CMP05,Students,14598.9,237950.0,7737.0,51.0,3645.83,3.251523429291868,0.6591702210158976,286.2529411764706,0.24973319907664276
CMP02,Seniors,11398.93,416006.0,39844.0,137.0,8971.32,9.57774647481046,0.34384097982130307,83.2038686131387,0.7870317652621781
CMP02,Seniors,9854.37,301042.0,22919.0,42.0,2024.59,7.61322340404329,0.18325406867664384,234.62785714285715,0.20545098266048462
CMP01,Premium Customers,9675.34,317228.0,11627.0,1069.0,129343.91,3.6651871839812373,9.19411714113701,9.050832553788588,13.368409792317376
CMP03,Young Professionals,4093.81,202930.0,7314.0,800.0,60291.73,3.6041984920908687,10.937927262783703,5.1172625,14.727534985746775
CMP04,Seniors,10540.13,1523310.0,11669.0,238.0,15045.8,0.7660292389598965,2.039592081583683,44.28626050420168,1.427477649706408
CMP01,Families,11586.88,312128.0,17066.0,1318.0,132742.74,5.46762866516301,7.722957928044064,8.791259484066767,11.456297122262422
CMP05,Young Professionals,14257.0,399365.0,8251.0,198.0,21760.75,2.0660298223429696,2.3997091261665253,72.0050505050505,1.5263204040120641
CMP04,Families,20386.66,1545589.0,8609.0,82.0,5604.4,0.5570044817865552,0.9524915785805552,248.6178048780488,0.2749052566727458
CMP05,Families,12997.75,428961.0,13366.0,169.0,25570.83,3.1159009793431105,1.264402214574293,76.90976331360947,1.967327422053817
CMP05,Students,18177.75,349160.0,12020.0,201.0,12848.31,3.4425478290754956,1.6722129783693844,90.43656716417911,0.7068151999009779
CMP02,Students,3419.58,127681.0,11100.0,36.0,1370.31,8.693540934046569,0.3243243243243243,94.98833333333333,0.40072465039566263
CMP04,Families,13630.86,891274.0,7783.0,164.0,16527.14,0.8732443670521074,2.1071566234099963,83.11500000000001,1.212479623442688
CMP05,Young Professionals,16453.86,371765.0,13272.0,369.0,47663.17,3.569997175635146,2.7802893309222423,44.590406504065044,2.8967774127165296
CMP05,Students,15939.11,376232.0,10413.0,257.0,16399.79,2.7677071594122777,2.468068760203592,62.019883268482495,1.0289024920462937
CMP04,Students,12644.26,856387.0,6885.0,75.0,5127.03,0.8039589578076267,1.0893246187363834,168.59013333333334,0.40548280405496245
CMP03,Young Professionals,3942.5,178550.0,5269.0,432.0,31958.87,2.9509941192943154,8.198899221863732,9.126157407407407,8.106244768547876
CMP04,Seniors,13490.94,1642661.0,9632.0,199.0,8589.32,0.5863656591347819,2.066029900332226,67.79366834170854,0.636673204387537
CMP05,Students,16266.69,337341.0,5275.0,72.0,3441.38,1.563699639237448,1.3649289099526067,225.92625,0.2115599424345088
CMP05,Students,22271.41,709327.0,20587.0,535.0,33804.05,2.9023285452266725,2.598727352212561,41.62880373831776,1.517822625509566
CMP03,Young Professionals,3576.8,129359.0,5180.0,463.0,46403.09,4.004359959492574,8.938223938223938,7.7252699784017285,12.973353276671883
CMP03,Students,2787.05,90091.0,3012.0,190.0,16681.87,3.3432862328090485,6.308100929614874,14.668684210526317,5.985493622288799
CMP02,Students,15870.89,595070.0,49982.0,261.0,14650.09,8.399347975868384,0.5221879876755632,60.808007662835244,0.9230792980103826
CMP05,Students,11682.75,341760.0,11842.0,156.0,10381.39,3.4650046816479403,1.3173450430670495,74.88942307692308,0.8886084183946417
CMP02,Seniors,13880.27,502551.0,54189.0,252.0,10518.08,10.782786224681674,0.4650390300614516,55.08043650793651,0.757772002994178
CMP05,Seniors,22006.12,543385.0,21369.0,240.0,30512.79,3.9325708291542827,1.1231222799382283,91.69216666666667,1.386559284417244
CMP01,Seniors,12013.58,289158.0,13309.0,532.0,46287.03,4.602673970631973,3.997295063490871,22.581917293233083,3.8528923102022876
CMP05,Premium Customers,19004.14,366775.0,12016.0,371.0,45767.56,3.2761229636698244,3.0875499334221037,51.22409703504043,2.4082941927390555
CMP05,Premium Customers,11957.72,324915.0,10850.0,343.0,91145.61,3.3393349029746244,3.1612903225806455,34.86215743440233,7.622323486417144
CMP05,Seniors,7814.09,147876.0,5068.0,60.0,9251.26,3.4271957586085637,1.1838989739542225,130.23483333333334,1.1839203285347366
CMP02,Students,11625.17,412800.0,43327.0,275.0,11909.88,10.495881782945736,0.6347081496526416,42.273345454545456,1.0244908246503062
CMP05,Premium Customers,17762.8,325974.0,7403.0,271.0,79263.92,2.2710400215968143,3.660678103471566,65.54538745387454,4.462355034116243
CMP04,Families,19912.7,1745790.0,12000.0,202.0,18106.31,0.6873678964823947,1.6833333333333331,98.57772277227723,0.9092845269601812
CMP05,Seniors,16009.04,297656.0,7647.0,137.0,12199.86,2.5690730238933535,1.7915522427095594,116.85430656934307,0.7620606857125723
CMP05,Seniors,20105.05,510382.0,17225.0,440.0,37121.41,3.374923096817678,2.5544267053701013,45.693295454545456,1.8463724288176355
CMP04,Families,13776.21,997981.0,7703.0,74.0,6265.72,0.7718583820734062,0.9606646761002208,186.165,0.4548217543141401
CMP04,Young Professionals,21405.27,1775340.0,13970.0,363.0,17661.79,0.7868915250036612,2.5984251968503935,58.96768595041323,0.8251140957343682
CMP05,Families,16002.67,437888.0,8488.0,125.0,10735.09,1.9383952060800937,1.4726672950047126,128.02136,0.6708311800468297
CMP02,Young Professionals,8209.2,223839.0,23095.0,248.0,11534.42,10.317683692296695,1.0738255033557047,33.101612903225806,1.4050601763874675
CMP04,Families,17184.58,1725843.0,20489.0,594.0,33197.23,1.187187942356286,2.899116599150764,28.930269360269364,1.9318033958351033
CMP04,Students,16030.89,1008267.0,8899.0,176.0,8178.93,0.882603516727216,1.9777503090234856,91.08460227272727,0.5101981237473403
CMP04,Premium Customers,18413.94,1596928.0,17365.0,389.0,37093.15,1.0874003085924975,2.240138209041175,47.336606683804625,2.0144059337653974
CMP04,Premium Customers,12874.75,1428450.0,11626.0,403.0,39369.3,0.8138891805803494,3.4663684844314466,31.94727047146402,3.057869084836599
CMP04,Premium Customers,8174.98,475832.0,4804.0,104.0,18166.96,1.0096000269002505,2.164862614487927,78.60557692307692,2.22226354070591
CMP01,Seniors,11335.5,260141.0,13043.0,653.0,63576.1,5.013819428694439,5.006516905619873,17.359111791730474,5.608583653125137
CMP03,Seniors,1838.45,70920.0,1770.0,166.0,11057.33,2.495769881556684,9.378531073446329,11.075000000000001,6.014485028148712
CMP04,Students,13689.86,1069946.0,10906.0,126.0,6285.9,1.0193037779476721,1.1553273427471118,108.64968253968254,0.4591646664027243
CMP03,Families,3229.3,125837.0,3910.0,245.0,22484.59,3.107194227452975,6.265984654731457,13.180816326530612,6.962682315052797
CMP05,Students,22271.03,721549.0,16674.0,256.0,26764.57,2.3108617709954555,1.535324457238815,86.9962109375,1.201766150914439
CMP02,Seniors,12968.7,343865.0,29485.0,170.0,8840.09,8.574585956698124,0.5765643547566559,76.2864705882353,0.681648122016856
CMP01,Seniors,5384.28,166239.0,6213.0,248.0,19334.03,3.737390143107213,3.991630452277483,21.710806451612903,3.5908292287919648
CMP03,Families,2332.99,96011.0,4578.0,239.0,22795.29,4.7682036433325345,5.220620358235037,9.761464435146443,9.770847710448825
CMP04,Premium Customers,12400.36,1228874.0,10298.0,201.0,14181.77,0.8380029197460439,1.9518353078267623,61.693333333333335,1.143657926060211
CMP05,Students,7120.39,154722.0,5053.0,75.0,5765.82,3.2658574734039116,1.484266772214526,94.93853333333334,0.8097618248438638
CMP01,Young Professionals,11010.79,291692.0,15210.0,973.0,73333.26,5.214404234603623,6.3971071663379355,11.3163309352518,6.66012702085863
CMP05,Seniors,24098.1,465649.0,10069.0,250.0,16510.59,2.1623583428719915,2.4828682093554475,96.3924,0.6851407372365457
CMP01,Families,6983.55,235584.0,8423.0,492.0,54283.56,3.5753701439826133,5.841149234239582,14.194207317073172,7.7730609790149705
CMP04,Seniors,13929.65,858897.0,7957.0,106.0,5714.38,0.926420746608732,1.332160361945457,131.41179245283018,0.4102314128495691
CMP04,Families,16329.5,1451905.0,12221.0,186.0,16330.24,0.8417217379924995,1.5219703788560675,87.79301075268818,1.0000453167580146
CMP03,Premium Customers,5295.82,272119.0,10809.0,1361.0,39690.805,3.9721592391563982,12.591359052641318,3.89112417340191,7.494742079602404
CMP02,Premium Customers,8487.67,258118.0,23099.0,263.0,35750.16,8.949007818129692,1.1385774275942682,32.272509505703425,4.212011070175914
CMP01,Seniors,8654.6,310297.0,15302.0,879.0,71355.97,4.931404428660283,5.744347144164162,9.845961319681457,8.244860536593256
CMP05,Premium Customers,8139.67,177083.0,2992.0,78.0,17241.95,1.689603180429516,2.606951871657754,104.35474358974359,2.1182615511439655
CMP05,Students,11144.02,499212.0,17811.0,319.0,23962.3,3.567822888872864,1.791028016394363,34.93423197492163,2.1502384238362815
CMP02,Young Professionals,4842.75,148474.0,13113.0,80.0,3787.56,8.83184934736048,0.6100815984137878,60.534375,0.7821093387021837
CMP01,Students,8744.66,231398.0,10089.0,560.0,35517.97,4.360020397756246,5.550599662999306,15.615464285714285,4.061675353873107
CMP01,Young Professionals,9633.63,234109.0,14276.0,675.0,50192.67,6.09801417288528,4.728215186326702,14.272044444444443,5.210151313679267
CMP02,Premium Customers,7447.23,268195.0,24758.0,342.0,43576.05,9.231342866198101,1.3813716778415057,21.775526315789474,5.851309815864423
CMP02,Premium Customers,9988.31,376572.0,28416.0,136.0,14503.17,7.5459673050572,0.47860360360360354,73.44345588235294,1.4520144048392571
CMP01,Seniors,8982.83,282764.0,11146.0,573.0,43488.74,3.9418030583808403,5.140857706800646,15.676841186736475,4.841318381846255
CMP03,Students,2134.83,85831.0,2742.0,132.0,6164.14,3.1946499516491715,4.814004376367615,16.172954545454544,2.8874149229681056
CMP03,Premium Customers,4719.53,220401.0,8105.0,822.0,113251.54,3.6773880336296116,10.141887723627391,5.741520681265206,23.99635980701468
CMP03,Seniors,4048.2,185645.0,8704.0,868.0,61752.67,4.688518408790972,9.972426470588236,4.663824884792627,15.254352551751396
CMP03,Students,4376.66,157051.0,6160.0,366.0,27612.69,3.9222927584033216,5.941558441558441,11.958087431693988,6.309078155488431
CMP01,Families,11707.09,378955.0,19316.0,1401.0,165672.68,5.097175126334261,7.253054462621661,8.356238401142042,14.151482563130546
CMP02,Premium Customers,8811.68,291698.0,21440.0,329.0,37945.15,7.350067535601889,1.5345149253731343,26.78322188449848,4.306233317596645
CMP03,Families,3138.73,118504.0,4778.0,372.0,40770.22,4.03193141159792,7.785684386772708,8.43744623655914,12.989400171406906
CMP02,Families,9933.23,364210.0,34678.0,234.0,15177.02,9.521429944262925,0.6747793990426206,42.44970085470085,1.5279038137645058
CMP01,Young Professionals,10277.5,319542.0,14720.0,1116.0,108142.1,4.606593186498175,7.5815217391304355,9.209229390681003,10.522218438336171
CMP05,Students,21642.74,449172.0,18697.0,447.0,36390.19,4.162547977166875,2.3907578755950154,48.417762863534676,1.6814040181603622
CMP03,Families,6425.26,302594.0,11964.0,1109.0,93803.52,3.953812699524776,9.269475091942494,5.793742110009017,14.599178865913597
CMP04,Seniors,16892.92,1116121.0,4729.0,42.0,2590.96,0.4236995809594121,0.888137026855572,402.2123809523809,0.15337549695375344
CMP04,Seniors,14637.73,691762.0,7925.0,161.0,9506.8,1.145625229486442,2.031545741324921,90.91757763975156,0.6494722883944436
CMP02,Families,9097.61,229550.0,18343.0,21.0,1037.67,7.990851666303637,0.11448508967998691,433.2195238095238,0.11405962664919687
CMP02,Premium Customers,8580.88,291440.0,24344.0,218.0,33229.2,8.353005764479825,0.8954978639500493,39.361834862385315,3.872469956461342
CMP01,Families,7645.08,164112.0,7205.0,309.0,22844.36,4.390294433070099,4.288688410825816,24.74135922330097,2.9881126162185354
CMP03,Families,2722.48,106261.0,3132.0,198.0,14769.54,2.947459557128203,6.321839080459771,13.74989898989899,5.4250315888454645
CMP03,Families,3443.69,122440.0,5348.0,385.0,28517.39,4.3678536426004575,7.198952879581152,8.944649350649351,8.281056076476105
CMP02,Seniors,7285.14,213777.0,16600.0,66.0,3290.98,7.765101016479789,0.39759036144578314,110.3809090909091,0.45173874489714677
CMP03,Premium Customers,3171.83,121570.0,3713.0,398.0,69654.27,3.0542074524965037,10.719095071370859,7.969422110552764,21.960278451241084
CMP05,Premium Customers,17010.82,345399.0,11562.0,468.0,88033.2,3.347432968827356,4.0477426050856256,36.347905982905985,5.175129711560054
CMP04,Seniors,14870.63,1360834.0,8864.0,91.0,6059.66,0.651365265712056,1.026624548736462,163.41351648351647,0.4074918144019453
CMP05,Families,20898.1,542150.0,24949.0,860.0,78086.01,4.601862953057272,3.447031945168143,24.300116279069766,3.736512410219111
CMP02,Young Professionals,13766.67,418301.0,34855.0,402.0,22664.95,8.332516537134744,1.153349591163391,34.24544776119403,1.646364008144308
CMP01,Families,9642.16,234910.0,11927.0,509.0,62563.84,5.077263632880678,4.267628070763814,18.94333988212181,6.48857102557933
CMP05,Premium Customers,9695.89,180201.0,6517.0,203.0,42497.83,3.6165171114477723,3.1149301825993554,47.76300492610837,4.383076746951544
CMP02,Premium Customers,8613.32,272041.0,25054.0,294.0,24325.22,9.209641193790642,1.1734653149197734,29.297006802721086,2.8241398206498776
CMP02,Students,9324.42,285701.0,27042.0,50.0,1454.63,9.465140129016,0.1848975667480216,186.4884,0.15600219638326032
CMP04,Premium Customers,15561.15,1370649.0,9334.0,272.0,44051.78,0.680991267640366,2.914077565888151,57.21011029411765,2.8308820363533544
CMP02,Students,7523.91,255951.0,28247.0,164.0,7958.43,11.036096752894109,0.5805926293057669,45.8775,1.0577518869842941
CMP04,Seniors,18664.02,1278518.0,9401.0,101.0,6968.54,0.7353044697063319,1.0743537921497712,184.79227722772276,0.3733675810463126
CMP03,Premium Customers,2692.44,127091.0,4168.0,572.0,93813.23,3.2795398572676273,13.723608445297506,4.707062937062937,34.84320170551619
CMP03,Students,2408.16,97176.0,4435.0,197.0,13154.21,4.563884086605746,4.441939120631341,12.224162436548223,5.462348847252674
CMP03,Families,4312.73,252356.0,8165.0,687.0,64828.85,3.2355085672621215,8.413962033067973,6.277627365356622,15.031975106255203
CMP05,Premium Customers,16216.48,458646.0,15157.0,401.0,86542.13,3.3047273932401025,2.6456422774955466,40.44009975062344,5.33667787337326
CMP04,Families,20498.29,2224945.0,13839.0,199.0,14631.34,0.6219929031953598,1.4379651708938508,103.00648241206031,0.7137834424237338
CMP05,Young Professionals,25116.6,468106.0,12968.0,390.0,35386.74,2.77031270695099,3.0074028377544724,64.40153846153846,1.4088984974080887
CMP03,Seniors,2497.81,138600.0,5112.0,308.0,25437.82,3.6883116883116887,6.025039123630673,8.109772727272727,10.18404922712296
CMP05,Students,16044.4,335020.0,12077.0,92.0,8061.49,3.604859411378425,0.7617785873975325,174.39565217391305,0.5024488294981426
CMP03,Students,4074.72,181100.0,7466.0,541.0,34253.23,4.1225842076201,7.246182694883471,7.531829944547135,8.406278222798132
CMP04,Premium Customers,15532.17,2332298.0,22363.0,603.0,12649.08,0.9588397366031269,2.6964181907615257,25.7581592039801,0.8143794460143045
CMP04,Premium Customers,13469.44,1062114.0,10806.0,268.0,33460.62,1.017404911337201,2.4801036461225245,50.25910447761194,2.484187909816592
CMP02,Premium Customers,8305.05,261537.0,23808.0,171.0,20324.2,9.103109693848289,0.7182459677419355,48.56754385964912,2.4472098301635756
CMP04,Families,13887.1,1128058.0,8899.0,57.0,6277.77,0.7888778768467578,0.6405214068996516,243.63333333333333,0.45205766502725553
CMP04,Young Professionals,12460.29,907086.0,5461.0,110.0,9201.31,0.6020377340186046,2.0142830983336384,113.27536363636365,0.7384507102162148
CMP02,Seniors,3004.35,130242.0,11454.0,79.0,4307.66,8.794398120421985,0.6897153832722193,38.029746835443035,1.4338076455805748
CMP04,Premium Customers,17072.29,1250586.0,13740.0,495.0,12649.08,1.098684936501768,3.602620087336245,34.48947474747475,0.7409129062357773
CMP04,Premium Customers,13488.84,1610802.0,9603.0,186.0,22971.2,0.5961626568628546,1.936894720399875,72.52064516129032,1.7029781656539777
CMP05,Premium Customers,12841.16,270143.0,12519.0,257.0,56545.74,4.634212250548783,2.052879622973081,49.96560311284047,4.403476009955487
CMP03,Families,1581.91,81532.0,3484.0,334.0,22639.72,4.273168817151548,9.586681974741676,4.73625748502994,14.311635933776257
CMP04,Young Professionals,14455.49,1571528.0,13068.0,318.0,21418.29,0.8315473857290484,2.4334251606978876,45.45751572327044,1.4816716693795922
CMP04,Families,22551.96,1527435.0,18855.0,588.0,39132.95,1.2344224140470788,3.118536197295147,38.35367346938775,1.735234986227361
CMP02,Families,6407.95,191765.0,14293.0,35.0,1859.85,7.453393476390374,0.2448751136920171,183.0842857142857,0.2902410287221342
CMP02,Seniors,10496.25,334009.0,37548.0,229.0,9499.28,11.241613249942366,0.6098860125705763,45.835152838427945,0.9050165535310231
CMP05,Seniors,16624.37,462657.0,16352.0,603.0,43738.26,3.5343677929870294,3.6876223091976517,27.56943615257048,2.63097248196473
CMP01,Premium Customers,4044.09,101822.0,2693.0,206.0,37522.24,2.644811533853195,7.649461567025622,19.631504854368934,9.27829004794651
CMP04,Premium Customers,17554.14,1288034.0,13386.0,317.0,42880.14,1.0392582804491186,2.368145823995219,55.37583596214511,2.4427365852157954
CMP01,Young Professionals,11790.37,264770.0,6922.0,607.0,50053.89,2.614344525437172,8.769141866512568,19.424003294892916,4.245319697346224
CMP02,Young Professionals,13584.72,739032.0,52190.0,320.0,17466.1,7.061940484309205,0.6131442805135083,42.45225,1.2857165992379673
CMP02,Students,13880.18,359178.0,32337.0,268.0,10483.41,9.003056980104573,0.8287719949284101,51.79171641791045,0.7552791102132681
CMP02,Families,13232.55,465000.0,40479.0,140.0,9095.63,8.70516129032258,0.3458583463030213,94.51821428571428,0.6873678920540637
CMP02,Premium Customers,8382.14,345926.0,30647.0,165.0,15683.59,8.859409237813868,0.5383887493066205,50.80084848484848,1.8710723037315056
CMP02,Seniors,7801.27,296609.0,21513.0,150.0,6754.79,7.252982883189654,0.6972528238739367,52.00846666666667,0.865857738547698
CMP03,Students,2420.54,105097.0,3996.0,363.0,15730.28,3.802201775502631,9.084084084084084,6.668154269972452,6.498665587017773
CMP05,Seniors,21889.21,468104.0,17418.0,146.0,13393.63,3.7209679900193118,0.838213342519233,149.92609589041095,0.6118827495373291
CMP01,Young Professionals,5962.01,145778.0,7648.0,682.0,73418.41,5.246333465955082,8.917364016736402,8.741950146627566,12.314372166433804
CMP05,Families,14969.52,556631.0,10608.0,213.0,15105.85,1.9057508475093914,2.007918552036199,70.27943661971831,1.009107172441067
CMP01,Seniors,5161.65,123834.0,7052.0,270.0,28111.44,5.694720351438216,3.828701077708452,19.11722222222222,5.446211967103543
CMP03,Seniors,3705.95,188520.0,4706.0,367.0,26119.9,2.496286866115001,7.798555036124097,10.097956403269754,7.048098328363848
CMP03,Premium Customers,3528.32,235475.0,9942.0,720.0,108443.0,4.222104257352161,7.24200362100181,4.900444444444445,30.735024034101215
CMP02,Seniors,5050.51,163414.0,15088.0,87.0,5311.41,9.232991053398118,0.5766171792152704,58.05183908045977,1.0516581493750135
CMP03,Students,3737.18,251751.0,9718.0,662.0,31516.44,3.8601634154382705,6.812101255402346,5.645287009063444,8.433214348787054
CMP02,Families,4079.54,206507.0,14733.0,46.0,2343.43,7.134382853849991,0.3122242584673861,88.68565217391304,0.574434862754134
CMP02,Premium Customers,11976.56,571041.0,48504.0,446.0,42221.32,8.493961029067966,0.9195117928418275,26.853273542600895,3.5253294769115673
CMP02,Families,8489.91,352257.0,18673.0,229.0,13029.81,5.3009592428255505,1.2263696245916564,37.07384279475983,1.5347406509609642
CMP01,Young Professionals,8510.32,359105.0,16530.0,1235.0,120400.41,4.603110510853371,7.471264367816093,6.8909473684210525,14.14757729439081
CMP01,Students,4827.34,112728.0,5418.0,241.0,12026.47,4.806259314456036,4.448135843484681,20.03045643153527,2.491324414688006
CMP04,Young Professionals,14814.42,1097899.0,6046.0,143.0,8950.25,0.5506881780564515,2.3652001323188885,103.59734265734265,0.6041579758100554
CMP03,Young Professionals,2889.8,130641.0,4208.0,481.0,40150.87,3.2210408677214657,11.430608365019012,6.007900207900208,13.89399612429926
CMP04,Young Professionals,15010.29,969387.0,8710.0,190.0,12547.6,0.8985059630467501,2.1814006888633752,79.00152631578948,0.8359332164801613
CMP01,Seniors,8685.95,194978.0,9045.0,411.0,38411.6,4.638984911118178,4.543946932006634,21.133698296836986,4.422268145683546
CMP05,Students,20835.69,359904.0,9201.0,199.0,14800.06,2.556515070685516,2.1628083903923487,104.70195979899496,0.710322528315597
CMP01,Seniors,5641.47,146459.0,4984.0,146.0,13662.94,3.4030001570405366,2.929373996789727,38.64020547945206,2.4218758585971387
CMP04,Families,18132.06,1624623.0,11643.0,125.0,11379.65,0.7166585724811233,1.0736064588164562,145.05648000000002,0.6275982982628558
CMP04,Young Professionals,13827.05,1041301.0,9319.0,228.0,18091.3,0.8949381590913675,2.4466144436098296,60.64495614035087,1.3083991162250805
CMP01,Seniors,6673.99,173308.0,6940.0,407.0,33565.66,4.004431416899393,5.8645533141210375,16.398009828009826,5.029324287270434
CMP02,Families,5696.18,230447.0,13822.0,30.0,2399.35,5.9979084127803795,0.21704529011720447,189.87266666666667,0.42122088838484734
CMP03,Young Professionals,3085.95,139762.0,5209.0,586.0,60603.96,3.7270502711752833,11.249760030716068,5.266126279863481,19.638672045885386
CMP03,Premium Customers,5529.39,333921.0,9181.0,1016.0,133699.24,2.7494527148636956,11.066332643502887,5.442312992125984,24.179744962825914
CMP02,Young Professionals,10371.34,385790.0,34173.0,229.0,15430.93,8.857927888229348,0.6701196851315366,45.289694323144104,1.4878434223542956
CMP02,Premium Customers,6872.96,228763.0,13482.0,172.0,15370.92,5.893435564317656,1.2757751075508086,39.95906976744186,2.23643379271813
CMP01,Students,13770.34,371673.0,19777.0,841.0,65412.53,5.321075246251409,4.252414420791829,16.373769322235436,4.750247996781488
CMP03,Students,4497.91,184252.0,6295.0,413.0,22499.88,3.416516509997178,6.560762509928515,10.890823244552058,5.0022966222089815
CMP03,Seniors,3844.59,182393.0,7389.0,533.0,45502.71,4.051142313575631,7.213425362024631,7.213114446529081,11.835516921180151
CMP04,Young Professionals,22327.84,2063813.0,22130.0,305.0,16085.92,1.0722870725206208,1.3782196113872571,73.20603278688525,0.7204422819224788
CMP04,Seniors,12648.92,762291.0,5522.0,125.0,6021.57,0.724395276869332,2.263672582397682,101.19136,0.47605408208764066
CMP05,Families,19939.79,452350.0,17816.0,481.0,40420.46,3.938543163479607,2.699820386169735,41.45486486486487,2.027125661804863
CMP02,Students,12462.48,290060.0,25304.0,178.0,7825.87,8.723712335378888,0.7034460954789756,70.01393258426965,0.6279544681315437
CMP04,Students,16866.07,1293046.0,8827.0,84.0,3535.26,0.6826516612711381,0.9516256938937351,200.7865476190476,0.2096078102367653
CMP02,Families,10199.06,332316.0,33269.0,333.0,19417.35,10.011254348270922,1.0009317983708557,30.627807807807805,1.9038372163709205
CMP05,Students,18189.75,402028.0,11403.0,178.0,23265.97,2.836369606097088,1.5609927212137158,102.18960674157303,1.2790703555573881
CMP02,Seniors,12389.16,465170.0,42048.0,350.0,16962.12,9.039275963626201,0.8323820395738204,35.3976,1.3691097701539088
CMP05,Young Professionals,10134.28,170996.0,7777.0,288.0,23652.61,4.54805960373342,3.703227465603703,35.188472222222224,2.3339211073702324
CMP03,Students,4096.36,143136.0,4614.0,443.0,23739.6,3.2235077129443326,9.601213697442565,9.24686230248307,5.795291429464207
CMP03,Young Professionals,2383.81,92804.0,3382.0,321.0,17709.56,3.644239472436533,9.491425192193969,7.42619937694704,7.429098795625491
CMP01,Students,9867.41,259050.0,10146.0,532.0,37483.98,3.9166184134337,5.2434456928838955,18.547763157894735,3.7987658362224743
CMP03,Young Professionals,3908.61,119681.0,3977.0,465.0,28679.04,3.323000309155171,11.692230324365099,8.405612903225807,7.337401275645306
CMP03,Premium Customers,4211.71,163326.0,5263.0,445.0,62046.22,3.2223895766748707,8.455253657609727,9.464516853932585,14.731835762671219
CMP05,Families,14988.53,389785.0,14349.0,404.0,32787.14,3.681260181895148,2.8155272144400305,37.10032178217822,2.1874820279240192
CMP02,Seniors,12391.15,419941.0,27081.0,144.0,8402.91,6.448763040522359,0.5317381189764041,86.04965277777778,0.6781380259297967
CMP02,Students,8591.4,290611.0,22664.0,81.0,3273.14,7.7987412726978675,0.35739498764560534,106.06666666666666,0.38097865307167633
CMP02,Premium Customers,13114.64,394488.0,25148.0,228.0,20520.54,6.374845369187403,0.9066327342134562,57.52035087719298,1.5647047879316551
CMP05,Young Professionals,18138.6,435182.0,12292.0,283.0,27470.52,2.8245653542655718,2.3023104458184185,64.09399293286218,1.51447851543118
CMP03,Seniors,3473.6549999999997,240768.0,9566.0,805.0,45648.15,3.9731193514088248,8.41522057286222,4.315099378881987,13.141244596829566
CMP02,Seniors,17216.06,514072.0,45274.0,305.0,15483.94,8.806937549603946,0.6736758404382206,56.44609836065574,0.899389291161857
CMP01,Seniors,7599.95,161781.0,5270.0,222.0,24750.57,3.2574900637281266,4.212523719165085,34.23400900900901,3.256675372864295
CMP03,Seniors,1936.06,82902.0,3817.0,224.0,18827.38,4.604231502255676,5.868483101912497,8.643125,9.724584981870397
CMP04,Students,16879.06,1800184.0,19505.0,316.0,12683.33,1.0835003532972185,1.6200974109202768,53.41474683544304,0.751423953703583
CMP01,Premium Customers,5134.3,137672.0,6428.0,552.0,48004.71,4.669068510663025,8.587429993777224,9.30126811594203,9.34980620532497
CMP04,Families,15757.39,1339578.0,10122.0,314.0,35573.89,0.7556110954345324,3.1021537245603636,50.182770700636944,2.2576004020970477
CMP02,Young Professionals,13196.93,396296.0,30116.0,237.0,16879.05,7.599370167753397,0.7869570992163634,55.68324894514768,1.2790133765959204
CMP02,Families,13681.83,418447.0,30810.0,325.0,28534.81,7.362939631542346,1.0548523206751055,42.09793846153846,2.085598929382985
CMP01,Young Professionals,8270.54,182173.0,8470.0,638.0,66279.56,4.6494266439044205,7.532467532467532,12.963228840125392,8.013933793923975
CMP01,Seniors,11009.08,266226.0,10386.0,694.0,59062.93,3.9011967275923465,6.682072020026959,15.863227665706052,5.364928767889778
CMP02,Premium Customers,7469.91,305948.0,25186.0,344.0,20403.49,8.232117876240407,1.3658381640593982,21.714854651162792,2.7314238056415676
CMP03,Seniors,3966.71,143795.0,3641.0,232.0,10264.26,2.5320769150526794,6.371875858280693,17.09788793103448,2.587600303526096
CMP03,Young Professionals,3588.72,188730.0,7570.0,714.0,63905.88,4.011021035341493,9.431968295904888,5.026218487394957,17.807429947167794
CMP03,Premium Customers,3146.1,173481.0,5232.0,465.0,60722.5,3.0158922302730558,8.887614678899082,6.765806451612903,19.300880455166716
CMP01,Families,13402.64,322111.0,9325.0,497.0,41064.81,2.8949647792220694,5.329758713136729,26.96708249496982,3.063934418890607
CMP01,Students,8574.19,246353.0,8634.0,425.0,33399.59,3.5047269568464765,4.922399814686124,20.174564705882354,3.8953638769376457
CMP04,Young Professionals,19145.16,1496977.0,15033.0,23.0,2054.31,1.00422384579055,0.15299674050422404,832.3982608695652,0.10730179324696164
CMP01,Young Professionals,10502.19,333312.0,10689.0,707.0,56410.73,3.2069052419354835,6.614276358873608,14.854582743988685,5.371330170183552
CMP03,Seniors,800.0,33030.0,1590.0,116.0,9971.31,4.813805631244324,7.29559748427673,6.896551724137931,12.4641375
CMP03,Seniors,3176.78,175516.0,7325.0,466.0,34692.82,4.173408692085052,6.361774744027304,6.817124463519313,10.920749941764932
CMP04,Seniors,17592.18,1881448.0,15914.0,196.0,12969.32,0.8458378865639656,1.2316199572703281,89.75602040816327,0.7372207423980427
CMP03,Premium Customers,2380.79,120111.0,4381.0,416.0,60812.65,3.647459433357478,9.495548961424333,5.7230528846153845,25.54305503635348
CMP01,Young Professionals,13375.63,418116.0,15999.0,1010.0,78230.83,3.8264500760554485,6.312894555909744,13.24319801980198,5.8487585257666375
CMP03,Young Professionals,2346.04,122956.0,5017.0,505.0,53500.66,4.080321415791015,10.065776360374725,4.645623762376237,22.804666587099966
CMP02,Young Professionals,8177.54,350272.0,22251.0,128.0,6443.37,6.352491777818381,0.5752550447170913,63.88703125,0.7879350024579519
CMP01,Young Professionals,7560.83,176121.0,8594.0,457.0,58818.36,4.879599820577899,5.31766348615313,16.544485776805253,7.779352266880752
CMP01,Seniors,7062.65,139045.0,6827.0,411.0,33110.33,4.9099212485166674,6.020213856745276,17.184063260340633,4.688088748557553
CMP05,Seniors,22262.14,432231.0,10567.0,194.0,17452.62,2.4447575486256192,1.8359042301504684,114.75329896907216,0.7839596732389609
CMP05,Seniors,15384.13,314378.0,8986.0,147.0,13368.86,2.858342504882657,1.6358780324949922,104.65394557823129,0.8690033170546532
CMP01,Students,9410.09,296899.0,9361.0,385.0,22268.5,3.152924058349809,4.112808460634548,24.441792207792208,2.3664492050554244
CMP02,Premium Customers,16945.28,611517.0,63335.0,946.0,13029.81,10.357030139799875,1.4936449040814714,17.912558139534884,0.7689344761491106
CMP02,Young Professionals,14192.42,464268.0,42787.0,127.0,6895.64,9.216013164809981,0.2968191273050225,111.75133858267716,0.4858678083089424
CMP05,Students,22511.02,515330.0,19536.0,462.0,53077.18,3.7909688937185884,2.364864864864865,48.725151515151516,2.3578309645675763
CMP01,Young Professionals,7756.98,196274.0,7910.0,412.0,33252.74,4.030080397811223,5.208596713021492,18.8276213592233,4.286815229638338
CMP05,Families,9817.38,202495.0,6872.0,161.0,15909.43,3.3936640410874346,2.342840512223516,60.9775155279503,1.620537251282929
CMP05,Students,19329.17,320975.0,5310.0,94.0,7508.9,1.6543344497234986,1.770244821092279,205.62946808510637,0.38847503539986455
CMP03,Seniors,5209.67,262859.0,11792.0,842.0,56746.97,4.4860552615660865,7.140434192672998,6.187256532066509,10.892622757295568
CMP01,Young Professionals,10140.05,282012.0,12490.0,647.0,66374.33,4.428889550799257,5.180144115292234,15.672411128284388,6.545759636293707
CMP05,Families,14890.48,292494.0,9261.0,231.0,24894.19,3.1662187942316766,2.494331065759637,64.46095238095238,1.6718191757418162
CMP03,Families,3644.35,197690.0,7390.0,668.0,69639.16,3.7381759320147707,9.039242219215156,5.45561377245509,19.108801295155516
CMP04,Seniors,15030.06,862374.0,6523.0,179.0,9300.42,0.7564003552982813,2.7441361336808217,83.9668156424581,0.6187879489503036
CMP04,Young Professionals,10106.95,728752.0,6920.0,185.0,11106.8,0.9495685775133378,2.6734104046242777,54.63216216216217,1.098926975991768
CMP04,Seniors,13311.47,983135.0,7212.0,93.0,5449.88,0.7335716864926993,1.2895174708818635,143.13408602150537,0.4094123338744707
CMP01,Young Professionals,6769.01,133445.0,5522.0,357.0,28301.2,4.138034396193188,6.465048895327779,18.96081232492997,4.180995448374282
CMP02,Young Professionals,12642.1,458682.0,42057.0,237.0,19659.87,9.169097544704174,0.5635209358727441,53.34219409282701,1.5551110970487496
CMP03,Young Professionals,3706.83,191455.0,6489.0,462.0,34500.39,3.3893081925256583,7.119741100323624,8.023441558441558,9.307249051075987
CMP05,Seniors,13301.72,317002.0,5249.0,113.0,11833.32,1.6558255152964334,2.1527910078110115,117.71433628318583,0.8896082611872751
CMP04,Young Professionals,14509.78,1264548.0,12827.0,265.0,16093.1,1.0143545361662822,2.0659546269587588,54.75388679245283,1.1091208826046983
CMP03,Young Professionals,2409.4,89851.0,3251.0,306.0,17757.31,3.618212373818878,9.412488465087666,7.873856209150327,7.370013281314851
CMP02,Students,10914.55,483085.0,44984.0,364.0,18397.44,9.311818831054577,0.809176596123066,29.98502747252747,1.685588503419747
CMP02,Students,13087.29,408542.0,38451.0,275.0,11372.05,9.411761826201467,0.7151959636940521,47.59014545454546,0.8689384891753754
CMP02,Premium Customers,8048.91,233427.0,20150.0,175.0,17317.55,8.6322490543082,0.8684863523573202,45.99377142857143,2.15153977370849
CMP05,Families,17410.91,329711.0,11617.0,467.0,77940.81,3.5233886646184085,4.019970732547129,37.282462526766594,4.476550048216894
CMP05,Students,13036.25,454502.0,9716.0,367.0,34156.18,2.1377243664494325,3.777274598600247,35.521117166212534,2.620092434557484
CMP03,Students,4668.57,206999.0,9168.0,777.0,55632.6,4.429006903414992,8.475130890052355,6.0084555984555985,11.916411235131957
CMP05,Premium Customers,17502.67,533794.0,11992.0,410.0,77984.34,2.2465595342023326,3.4189459639759843,42.68943902439024,4.45556820759347
CMP02,Premium Customers,6952.49,312210.0,30495.0,144.0,19129.64,9.767464206783895,0.4722085587801279,48.28118055555555,2.751480404862143
CMP03,Students,2016.84,90048.0,3988.0,204.0,12064.37,4.428749111584932,5.1153460381143425,9.886470588235294,5.9818180916681545
CMP01,Students,10957.82,270638.0,12944.0,447.0,38297.59,4.782772559655333,3.4533374536464776,24.514138702460848,3.495000830457153
CMP01,Families,9251.53,281258.0,10146.0,665.0,48004.71,3.6073640572001504,6.5543071161048685,13.912075187969926,5.188840116175378
CMP03,Families,3942.17,287367.0,12614.0,856.0,58966.37,4.389508885849802,6.786110670683368,4.605338785046729,14.957845552069038
CMP05,Premium Customers,15817.44,320164.0,11683.0,349.0,55123.26,3.649067352981597,2.9872464264315672,45.3221776504298,3.4849672260492217
CMP05,Families,25645.72,814843.0,12134.0,407.0,55263.25,1.4891212172160773,3.35421130707104,63.01159705159706,2.154872235991035
CMP04,Students,9267.65,748783.0,7496.0,124.0,5063.53,1.00109110383115,1.6542155816435433,74.7391129032258,0.5463661230193199
CMP04,Seniors,12634.41,1165267.0,11455.0,137.0,9303.6,0.9830365057965257,1.1959842863378438,92.22197080291971,0.7363699610824724
CMP04,Seniors,19183.24,1734446.0,12419.0,206.0,16001.3,0.7160211387382485,1.6587486915210565,93.12252427184467,0.8341291669186226
CMP02,Seniors,7403.67,222862.0,18667.0,95.0,6037.32,8.376035394100386,0.5089194835806504,77.93336842105263,0.8154496351133964
CMP01,Young Professionals,10128.36,298897.0,15387.0,1379.0,123987.85,5.147927212384199,8.962110872814714,7.344713560551124,12.241651165637872
CMP03,Families,4723.02,219586.0,8931.0,1132.0,63404.81,4.067199183918829,12.67495241294368,4.172279151943464,13.424632967889188
CMP05,Students,20360.48,500227.0,11827.0,98.0,5056.37,2.3643265957255406,0.828612496829289,207.76,0.24834237699700595
CMP02,Premium Customers,11774.07,465338.0,28348.0,241.0,23769.8,6.091915983650593,0.850148158600254,48.8550622406639,2.0188261153534843
CMP01,Premium Customers,6159.84,200027.0,7827.0,454.0,72960.74,3.91297174881391,5.800434393765172,13.567929515418502,11.844583625548717
CMP04,Premium Customers,14492.96,1058517.0,7806.0,253.0,27771.66,0.737446824188936,3.2410965923648476,57.28442687747035,1.9162172530663164
CMP03,Students,3772.39,192192.0,7595.0,471.0,30327.21,3.9517773892773898,6.20144832126399,8.00932059447983,8.03925628050122
CMP05,Young Professionals,19334.11,360317.0,11650.0,181.0,27122.79,3.233264042495913,1.553648068669528,106.81828729281769,1.4028465753013715
CMP03,Seniors,3199.06,159151.0,7019.0,496.0,31422.05,4.410277032503722,7.066533694258441,6.449717741935483,9.822275918551075
CMP04,Families,20527.57,1753203.0,20911.0,330.0,24331.86,1.1927312467523727,1.5781167806417675,62.204757575757576,1.1853258812416667
CMP02,Premium Customers,10376.92,424989.0,36292.0,229.0,15679.04,8.539515140391869,0.6309930563209523,45.314061135371176,1.510953153729623
CMP01,Premium Customers,9245.04,280899.0,12970.0,860.0,48004.71,4.617317968380094,6.6306861989205865,10.750046511627907,5.192482671789413
CMP04,Young Professionals,15030.06,1092790.0,8604.0,147.0,11580.34,0.7873424903229349,1.708507670850767,102.24530612244898,0.7704786274971623
CMP05,Seniors,13720.16,334867.0,11508.0,185.0,11606.45,3.436588257427576,1.607577337504345,74.16302702702703,0.845941300976082
CMP03,Seniors,3348.65,151193.0,7243.0,551.0,40331.72,4.790565700793026,7.607345022780616,6.077404718693285,12.044173024950354
CMP04,Young Professionals,18630.49,1885035.0,13305.0,457.0,32443.63,0.705822438310164,3.4347989477639986,40.76693654266959,1.7414265539983114
CMP01,Students,13556.62,303082.0,16943.0,814.0,54224.85,5.59023630568625,4.804343976863602,16.654324324324325,3.9998797635398793
CMP05,Students,20408.59,489545.0,9736.0,260.0,19775.49,1.9887855049076184,2.6705012325390305,78.49457692307692,0.9689787486543657
CMP05,Premium Customers,11100.68,207679.0,7720.0,295.0,43246.8,3.7172752180047093,3.821243523316062,37.62942372881356,3.895869442232368
CMP01,Families,5940.6,156225.0,6454.0,486.0,45470.48,4.131220995359257,7.530213820886273,12.223456790123457,7.654189812476854
CMP04,Young Professionals,17250.04,1610847.0,10332.0,210.0,15978.41,0.6414016973679064,2.0325203252032518,82.14304761904762,0.9262824897797338
CMP05,Premium Customers,21098.52,469758.0,14296.0,485.0,72707.73,3.0432690874876,3.3925573587017346,43.50210309278351,3.4461056984091774
CMP04,Young Professionals,20524.29,1448221.0,12968.0,231.0,19658.68,0.895443444059988,1.7813078346699567,88.84974025974026,0.9578250940714635
CMP03,Families,5060.09,190531.0,7777.0,605.0,66823.49,4.081750476300445,7.779349363507778,8.363785123966942,13.205988431035813
CMP01,Young Professionals,6133.01,122035.0,4020.0,195.0,23357.22,3.294136927930512,4.850746268656716,31.451333333333334,3.8084431624928055
CMP01,Students,8850.48,276661.0,12579.0,566.0,39819.17,4.546719631606912,4.499562763335718,15.636890459363956,4.499097224105359
CMP02,Students,15825.19,710827.0,66670.0,466.0,19207.69,9.379216039908444,0.6989650517474126,33.959635193133046,1.2137415095806114
CMP02,Seniors,12322.33,386267.0,24476.0,196.0,10185.32,6.336549588755965,0.8007844419022716,62.8690306122449,0.8265741949777355
CMP03,Seniors,3473.48,213478.0,9976.0,666.0,61109.33,4.673081066901508,6.676022453889334,5.2154354354354355,17.59311411034467
CMP04,Seniors,14203.31,1028374.0,9796.0,201.0,16415.75,0.9525717297403474,2.0518579011841567,70.66323383084577,1.155769324192741
CMP04,Young Professionals,13423.15,1439553.0,9662.0,234.0,14216.42,0.6711805678568278,2.421858828399917,57.36388888888889,1.0590971567776566
CMP03,Young Professionals,2983.12,149272.0,6556.0,547.0,42041.93,4.391982421351626,8.343502135448444,5.453601462522852,14.093274826356298
CMP05,Students,18572.94,402067.0,13235.0,324.0,38279.66,3.2917399338916153,2.448054401208916,57.32388888888889,2.0610447242062917
CMP05,Families,17301.03,379407.0,8526.0,144.0,21123.07,2.247191011235955,1.688951442646024,120.14604166666666,1.220914014945931
CMP04,Seniors,15308.99,1233047.0,11417.0,207.0,17054.07,0.9259176657499674,1.8130857493211878,73.95647342995169,1.113990537586085
CMP04,Students,15178.76,1333336.0,11864.0,70.0,3120.35,0.8897982204035593,0.5900202292650034,216.83942857142858,0.20557344605224667
CMP01,Students,9087.61,234938.0,10146.0,583.0,40186.44,4.318586180183708,5.746106840134043,15.587667238421956,4.422113184874791
CMP03,Young Professionals,2907.17,124517.0,4542.0,436.0,29378.02,3.6476946922910125,9.59929546455306,6.667821100917432,10.10536707519684
CMP01,Premium Customers,5009.58,124223.0,6374.0,441.0,67818.37,5.131094885810196,6.918732350172577,11.359591836734694,13.53773569840186
CMP04,Seniors,15054.39,1228661.0,10041.0,227.0,14305.78,0.8172311158244625,2.260731002888159,66.3188986784141,0.9502729768525993
CMP04,Students,12451.41,815672.0,6195.0,186.0,8675.76,0.7594964642650477,3.002421307506053,66.94306451612903,0.6967692815512461
CMP01,Seniors,6444.8,174278.0,9952.0,572.0,63501.11,5.710416690574829,5.747588424437299,11.267132867132867,9.853076899205561
CMP02,Students,12604.4,422744.0,34743.0,151.0,5160.7,8.218448990405541,0.4346199234378148,83.47284768211921,0.40943638729332615
CMP03,Students,4435.52,184011.0,9388.0,736.0,47840.03,5.101868910010814,7.839795483596081,6.026521739130436,10.785664364042997
CMP02,Premium Customers,11642.52,356212.0,30185.0,349.0,30207.55,8.473886337349668,1.1562034122908729,33.35965616045846,2.5945886285786925
CMP05,Students,12545.7,249934.0,4472.0,96.0,6040.31,1.789272367905127,2.146690518783542,130.68437500000002,0.4814645655483552
CMP05,Seniors,17430.97,445484.0,11977.0,137.0,16390.44,2.6885365130958685,1.1438590632044752,127.23335766423358,0.9403056743256398
CMP02,Students,6827.46,230263.0,16581.0,142.0,6716.05,7.200896366328936,0.8564019057957903,48.080704225352115,0.983682072102949
CMP03,Seniors,5134.78,190107.0,6966.0,357.0,29101.15,3.6642522368981676,5.1248923341946595,14.38313725490196,5.667458002095514
CMP04,Premium Customers,14835.22,1112891.0,12389.0,174.0,19780.67,1.1132267221138459,1.4044717087739123,85.25988505747127,1.3333587233623767
CMP04,Premium Customers,15066.67,1312339.0,8812.0,171.0,19866.76,0.6714728435259487,1.9405356332274173,88.10918128654971,1.31858997376328
CMP01,Young Professionals,5764.42,168253.0,6688.0,458.0,40344.06,3.9749662710323146,6.848086124401914,12.586069868995633,6.99880647142297
CMP02,Students,10997.49,336188.0,26274.0,263.0,11812.42,7.8152700274846225,1.000989571439446,41.81555133079848,1.0741014540590625
CMP04,Students,10172.12,788854.0,6696.0,79.0,3054.67,0.8488262720351294,1.1798088410991636,128.76101265822786,0.3002982662414521
CMP01,Premium Customers,10418.62,277756.0,11869.0,720.0,136697.51,4.273175016921327,6.066222933692813,14.470305555555557,13.12050060372679
CMP04,Premium Customers,13458.03,1255172.0,5702.0,152.0,15517.05,0.454280369542979,2.6657313223430377,88.53967105263159,1.1529956464653444
CMP01,Seniors,10719.26,297877.0,10673.0,560.0,66132.53,3.5830225227191086,5.2468846622318,19.141535714285716,6.169505171065913
CMP04,Students,11500.78,1228851.0,11295.0,195.0,8208.63,0.919151304755418,1.7264276228419653,58.978358974358976,0.7137455024789622
CMP01,Seniors,6496.37,180704.0,7340.0,432.0,38705.96,4.061891269700726,5.885558583106267,15.037893518518517,5.958090441277205
CMP02,Premium Customers,10756.61,370986.0,35454.0,420.0,45506.36,9.556694861800715,1.1846336097478423,25.61097619047619,4.230548472055787
CMP04,Premium Customers,16023.37,1387842.0,10040.0,100.0,12633.71,0.7234252890458712,0.9960159362549801,160.2337,0.7884552375686262
CMP05,Seniors,13790.93,484362.0,19721.0,370.0,25836.04,4.07154153298566,1.876172607879925,37.27278378378379,1.873408102281717
CMP04,Students,13761.01,815351.0,8133.0,124.0,6093.96,0.997484518937243,1.524652649698758,110.9758870967742,0.4428424948459452
CMP01,Families,4752.97,141920.0,6087.0,351.0,48004.71,4.289036076662909,5.766387382947265,13.541225071225073,10.09993961670282
CMP01,Families,10809.12,264580.0,9469.0,355.0,37062.73,3.578879733917908,3.7490759319885942,30.44822535211268,3.4288387953875987
CMP01,Young Professionals,9428.19,292201.0,14489.0,972.0,89425.97,4.958573037053261,6.708537511215405,9.699783950617284,9.484956285352755
CMP04,Premium Customers,18285.56,1559491.0,15213.0,557.0,12649.08,0.9755105992916919,3.661342273055939,32.828653500897666,0.6917523991608678
CMP02,Young Professionals,8039.61,215852.0,14216.0,56.0,3752.42,6.585994107073365,0.39392234102419804,143.56446428571428,0.4667415459207599
CMP02,Young Professionals,9269.36,268824.0,16895.0,143.0,11210.28,6.2847811207332684,0.8464042616158627,64.8206993006993,1.2093909396117963
CMP05,Young Professionals,16994.88,343603.0,6656.0,168.0,16894.59,1.937119291740759,2.5240384615384617,101.16000000000001,0.9940988109359995
CMP04,Premium Customers,18857.9,1714042.0,12896.0,330.0,37844.7,0.7523736291176062,2.5589330024813894,57.14515151515152,2.006835331611685
CMP01,Families,3543.19,102171.0,4337.0,334.0,45539.24,4.244844427479421,7.701175928060872,10.608353293413174,12.85261021847544
CMP02,Families,9187.79,306375.0,26882.0,171.0,11956.67,8.77421460628315,0.636113384420802,53.72976608187135,1.3013651813983558
CMP03,Families,3473.6549999999997,159914.0,5013.0,489.0,44542.47,3.1348099603536896,9.754637941352485,7.103588957055214,12.822940101996313
CMP04,Young Professionals,21181.83,2846978.0,20583.0,529.0,35200.87,0.7229771357558786,2.570082106592819,40.041266540642724,1.6618427208602844
CMP02,Families,11081.4,338850.0,30368.0,166.0,9215.28,8.96207761546407,0.5466280295047419,66.75542168674698,0.8315988954464238
CMP04,Seniors,9794.12,881128.0,9017.0,77.0,5810.36,1.0233473456750892,0.8539425529555285,127.19636363636364,0.5932498274474888
CMP03,Premium Customers,2794.88,122261.0,4430.0,743.0,134501.28,3.62339584986218,16.772009029345373,3.7616150740242262,48.12416991069384
CMP04,Students,19640.09,1438740.0,10761.0,224.0,12000.94,0.7479461195212478,2.0815909302109468,87.67897321428572,0.6110430247519233
CMP04,Premium Customers,6846.05,989001.0,9078.0,215.0,22294.83,0.9178959374156346,2.3683630755673057,31.842093023255813,3.2565976000759562
CMP01,Students,11834.04,301523.0,13963.0,704.0,43325.37,4.630824182566505,5.041896440592996,16.80971590909091,3.661080239715262
CMP05,Families,16113.66,293261.0,7694.0,277.0,21873.69,2.6236015017339502,3.600207954250065,58.17205776173285,1.3574625504075424
CMP02,Families,10345.97,422105.0,35762.0,44.0,3370.52,8.472299546321413,0.12303562440579385,235.1356818181818,0.3257809562563974
CMP03,Seniors,3891.36,178743.0,8599.0,668.0,49708.65,4.810817766290149,7.768345156413536,5.825389221556886,12.774107252991243
CMP03,Young Professionals,4076.0,209185.0,7640.0,693.0,52909.33,3.6522695221932735,9.070680628272251,5.881673881673882,12.980699214916585
CMP01,Premium Customers,10181.42,244529.0,11732.0,922.0,147112.15,4.797794944566903,7.858847596317764,11.042754880694144,14.44907979437053
CMP05,Students,8805.56,224870.0,10458.0,202.0,20722.83,4.650687063636768,1.9315356664754253,43.59188118811881,2.353380137095199
CMP05,Students,18794.36,341298.0,12095.0,41.0,1366.78,3.5438238723930406,0.3389830508474576,458.39902439024394,0.07272288069399543
CMP01,Families,9812.09,284663.0,17241.0,932.0,86537.84,6.056635389917201,5.405718925816368,10.52799356223176,8.819511439458871
CMP02,Families,11006.48,457006.0,45088.0,255.0,19152.98,9.865953619864946,0.5655606813342796,43.16266666666667,1.740154890573553
CMP03,Students,4518.2,235182.0,7149.0,465.0,47512.4,3.039773452049902,6.504406210658834,9.716559139784946,10.515780620601126
CMP03,Families,2700.51,119215.0,3838.0,431.0,40941.62,3.219393532693034,11.22980719124544,6.265684454756381,15.160699275322068
CMP01,Seniors,10305.84,245420.0,8936.0,472.0,45960.34,3.641105044413658,5.282005371530887,21.834406779661016,4.459640359252617
CMP05,Young Professionals,16596.17,319124.0,13203.0,339.0,34794.68,4.137263258169238,2.5675982731197458,48.95625368731563,2.0965487820382656
CMP01,Students,12837.24,263659.0,10303.0,505.0,34408.98,3.907698959641052,4.901485004367659,25.42027722772277,2.680403264253064
CMP05,Families,14808.92,299005.0,6270.0,140.0,14617.01,2.096954900419725,2.2328548644338118,105.778,0.9870409185815036
CMP05,Young Professionals,12811.95,286049.0,9245.0,298.0,29338.51,3.231963754461648,3.2233639805300163,42.99312080536913,2.2899332264019137
CMP03,Seniors,1568.97,88456.0,3838.0,275.0,25272.84,4.338880347291309,7.165190203230849,5.705345454545455,16.107917933421287
CMP04,Students,19955.9,1341138.0,8224.0,108.0,7715.48,0.6132105719172821,1.3132295719844358,184.77685185185186,0.38662651145776433
CMP02,Premium Customers,8208.88,220988.0,20710.0,221.0,28734.68,9.371549586402882,1.067117334620956,37.14425339366515,3.500438549473254
CMP03,Families,3572.87,166810.0,8017.0,783.0,54248.1,4.806066782566992,9.766745665460896,4.563052362707535,15.183340003974395
CMP03,Young Professionals,4545.85,290139.0,11292.0,1029.0,65710.88,3.8919276622584347,9.112646121147714,4.41773566569485,14.455136003167723
CMP02,Students,12467.67,484360.0,35634.0,188.0,8559.09,7.356924601536048,0.5275860133580289,66.31739361702128,0.6865027707663099
CMP01,Seniors,10182.92,212829.0,11458.0,691.0,43834.1,5.3836648201138,6.030720893698726,14.736497829232995,4.304668994748068
CMP04,Young Professionals,18174.85,1879396.0,10169.0,276.0,12268.53,0.5410780910462722,2.714131183007179,65.85090579710145,0.6750278544252085
CMP01,Premium Customers,9556.15,289301.0,15937.0,1273.0,146354.0,5.508795337727833,7.987701574951371,7.506794972505891,15.31516353343135
CMP02,Families,14346.62,445929.0,42708.0,342.0,8478.82,9.577309392302363,0.80078673784771,41.94918128654971,0.5909977402342851
CMP03,Families,2395.27,117471.0,5035.0,551.0,31453.92,4.286164244792332,10.943396226415095,4.347132486388385,13.131680353363086
CMP02,Students,8323.28,252375.0,16756.0,153.0,7208.1,6.639326399207529,0.9131057531630462,54.400522875816996,0.8660167626224277
CMP01,Premium Customers,8888.64,231407.0,10671.0,745.0,133825.59,4.611355749826064,6.981538749882859,11.931060402684563,15.055800437412248
CMP05,Students,13542.88,305344.0,7859.0,179.0,18735.37,2.573818381890589,2.2776434660898333,75.65854748603351,1.3834110617534823
CMP04,Families,19104.12,1576637.0,13579.0,209.0,12649.08,0.8612635628873355,1.5391413211576699,91.40727272727273,0.6621126751716384
CMP01,Students,8527.55,198544.0,9832.0,619.0,45641.44,4.95205093077605,6.295768917819365,13.77633279483037,5.352233642722705
CMP04,Seniors,15050.86,1047490.0,7176.0,83.0,3187.68,0.6850662058826338,1.1566332218506132,181.33566265060242,0.21179387755915607
CMP01,Seniors,12633.83,245886.5,11000.0,609.0,55869.13,4.473608758512566,5.536363636363636,20.7452052545156,4.422184721497756
CMP03,Young Professionals,3473.83,150944.0,5193.0,671.0,74549.44,3.4403487386050458,12.921240130945504,5.177093889716841,21.46030174188144
CMP05,Young Professionals,20028.42,415235.0,14718.0,215.0,19667.34,3.5444988982142642,1.4607963038456313,93.1554418604651,0.9819716183303526
CMP02,Young Professionals,10832.76,356007.0,29107.0,378.0,27903.87,8.175962832191502,1.2986566805235853,28.65809523809524,2.575878169552358
CMP01,Young Professionals,6072.48,171598.0,7874.0,598.0,54894.79,4.588631569132507,7.594615189230379,10.154648829431437,9.039929320475325
CMP01,Seniors,5972.48,227293.0,10298.0,353.0,29333.85,4.530715860145275,3.427850067974364,16.919206798866853,4.911502424453493
CMP01,Seniors,10196.49,256209.0,10181.0,561.0,37841.41,3.9737089641659735,5.510264217660348,18.175561497326203,3.711219252899773
CMP02,Families,12712.57,436432.0,35478.0,94.0,6272.52,8.12910144077428,0.2649529285754552,135.24010638297872,0.4934108524082857
CMP03,Families,3720.05,176542.0,6918.0,551.0,39230.74,3.918614267426448,7.964729690662041,6.751451905626134,10.545756105428689
CMP01,Seniors,7742.66,162256.0,6442.0,351.0,30824.59,3.9702692042204912,5.448618441477802,22.0588603988604,3.981136973598221
CMP05,Seniors,20815.35,634355.0,20464.0,505.0,51069.4,3.225953921699994,2.467748240813135,41.218514851485146,2.45344901719164
CMP05,Seniors,17718.2,468620.0,16186.0,402.0,51727.42,3.453971234689087,2.483627826516743,44.07512437810946,2.9194511857863663
CMP03,Seniors,4738.78,201792.0,5839.0,507.0,38612.41,2.8935735807167777,8.682993663298511,9.346706114398422,8.148175268740056
CMP01,Seniors,10419.92,251897.0,10578.0,354.0,26225.76,4.199335442661088,3.3465683494044245,29.434802259887007,2.5168868858877995
CMP05,Young Professionals,12067.2,246164.0,5220.0,132.0,7247.03,2.120537527826977,2.528735632183908,91.41818181818182,0.6005560527711482
CMP03,Seniors,3972.56,303566.0,15684.0,1727.0,109284.66,5.166586508370503,11.011221627135935,2.3002663578459757,27.509882795980428
CMP04,Seniors,11852.6,903297.0,9183.0,195.0,11344.0,1.0166091551283796,2.1234890558640966,60.7825641025641,0.9570895837200276
CMP01,Families,6960.37,177687.0,10512.0,683.0,91051.42,5.916020868155802,6.497336377473364,10.190878477306002,13.081405155185715
CMP04,Young Professionals,11235.53,911359.0,6545.0,94.0,4578.33,0.7181582669398118,1.436210847975554,119.52691489361703,0.407486785225085
CMP02,Young Professionals,10740.52,313571.0,31523.0,203.0,9225.32,10.052906678232363,0.6439742410303588,52.908965517241384,0.8589267558740172
CMP02,Families,11459.64,328320.0,32891.0,208.0,16366.18,10.017970272904483,0.6323918397129914,55.09442307692307,1.4281583016569457
CMP02,Premium Customers,6510.14,242430.0,20489.0,63.0,7180.66,8.451511776595305,0.30748206354629315,103.33555555555556,1.1029962489285945
CMP02,Premium Customers,7347.29,243897.0,19521.0,100.0,8232.68,8.003788484483204,0.5122688386865427,73.4729,1.1205056558268423
CMP05,Young Professionals,11188.84,307239.0,6476.0,195.0,27849.52,2.1078053241938686,3.0111179740580605,57.37866666666667,2.489044440710565
CMP03,Seniors,4150.03,165734.0,5758.0,480.0,44990.69,3.4742418574342016,8.336227856894755,8.645895833333332,10.841051751433124
CMP01,Young Professionals,13385.94,285220.0,12973.0,959.0,73452.49,4.548418764462521,7.392276266091112,13.95822732012513,5.487286660481072
CMP02,Seniors,10248.59,361514.0,32706.0,311.0,19258.06,9.0469525384909,0.9508958600868342,32.95366559485531,1.879093611901735
CMP04,Families,20340.05,1846177.0,12808.0,327.0,27030.7,0.6937579657855125,2.553091817613991,62.20198776758409,1.3289397027047625
CMP04,Premium Customers,14505.34,1615458.0,12526.0,234.0,26432.91,0.7753838230396581,1.8681143222098036,61.98863247863248,1.8222882055849776
CMP04,Premium Customers,17456.04,1209654.0,7598.0,162.0,12649.08,0.6281134936105697,2.132140036851803,107.75333333333334,0.7246248289990169
CMP03,Premium Customers,4806.27,214844.0,10550.0,1153.0,39690.805,4.9105397404628475,10.928909952606634,4.16849089332177,8.258130525334614
CMP01,Premium Customers,10733.58,279622.0,16250.0,1453.0,48004.71,5.811416841307193,8.941538461538462,7.387185134205093,4.472385727781411
CMP03,Seniors,4384.85,150165.0,8749.0,746.0,67282.5,5.826257783105251,8.52668876443022,5.877815013404827,15.344310523735132
CMP05,Premium Customers,13036.18,267025.0,6307.0,242.0,32571.05,2.3619511281715195,3.8370065007134926,53.868512396694214,2.4985118339881773
CMP04,Young Professionals,14016.65,1105076.0,11958.0,219.0,17852.18,1.0820975208944905,1.8314099347717008,64.00296803652968,1.2736409912496924
CMP04,Young Professionals,15857.1,1041393.0,8456.0,91.0,8362.41,0.8119893258356835,1.076158940397351,174.25384615384615,0.5273606144881472
CMP05,Premium Customers,16367.61,400113.0,12672.0,380.0,57953.45,3.1671052927547967,2.9987373737373737,43.07265789473684,3.5407399125467918
CMP05,Young Professionals,19462.14,603465.0,11992.0,305.0,35060.71,1.9871906407165285,2.5433622414943295,63.81029508196721,1.8014827763031198
CMP02,Young Professionals,5609.97,252935.0,25769.0,288.0,20501.84,10.187992962618853,1.1176219488532733,19.4790625,3.6545364770221584
CMP05,Seniors,27001.72,598990.0,20404.0,709.0,82272.99,3.406400774637306,3.474808861007646,38.08423131170663,3.046953675543632
CMP02,Students,7856.22,239851.0,17746.0,159.0,6160.21,7.398760063539448,0.8959765580975995,49.41018867924529,0.7841188255929696
CMP05,Students,13404.93,370359.0,14897.0,341.0,28773.35,4.02231348502399,2.289051486876552,39.310645161290324,2.14647521471578
CMP01,Families,8474.44,194057.0,8270.0,506.0,40904.81,4.261634468223254,6.118500604594922,16.74790513833992,4.826845195670746
CMP01,Students,9019.48,275648.0,11315.0,374.0,31657.57,4.1048728813559325,3.3053468846663723,24.116256684491976,3.5099107709091877
CMP05,Young Professionals,14675.32,334811.0,7952.0,175.0,12406.15,2.375071308887701,2.2007042253521125,83.85897142857142,0.8453750923318878
CMP03,Seniors,2953.83,128537.0,4633.0,361.0,33504.44,3.6044096252440934,7.791927476796892,8.182354570637118,11.342710988784054
CMP01,Seniors,9365.39,289345.0,17385.0,908.0,80282.06,6.008398278871244,5.222893298820822,10.314306167400881,8.572206816801009
CMP02,Premium Customers,9908.12,338510.0,19430.0,230.0,26535.18,5.739859974594546,1.1837364899639733,43.078782608695654,2.678124608906634
CMP05,Young Professionals,16185.17,388725.0,12504.0,317.0,48173.75,3.2166698823075444,2.535188739603327,51.057318611987384,2.976412975581968
CMP05,Young Professionals,16345.38,310696.0,11195.0,336.0,45685.0,3.6032005561706617,3.0013398838767307,48.64696428571428,2.794979376435421
CMP01,Premium Customers,9136.36,294601.0,15503.0,657.0,115067.48,5.262371818154046,4.237889440753403,13.906179604261798,12.594455559982311
CMP01,Seniors,12492.05,400017.0,16428.0,1041.0,88558.55,4.106825459917954,6.336742147552958,12.000048030739674,7.089192726574102
CMP04,Premium Customers,20801.84,2118127.0,9787.0,186.0,20186.28,0.46205916831238164,1.9004802288750382,111.8378494623656,0.9704083869503851
CMP04,Young Professionals,14379.0,1706567.0,14398.0,304.0,24857.13,0.8436820822153481,2.111404361716905,47.29934210526316,1.7287106196536617
CMP03,Students,2346.95,95495.0,4409.0,438.0,29833.67,4.616995654222735,9.93422544794738,5.3583333333333325,12.71167685719764
CMP01,Families,8918.29,297472.0,10146.0,845.0,91257.87,3.410741179001721,8.328405282870097,10.554189349112427,10.232664557891702
CMP03,Students,3275.38,141597.0,4603.0,258.0,15609.47,3.2507750870428045,5.605040191179665,12.695271317829457,4.76569741526174
CMP02,Premium Customers,14200.19,350136.0,33512.0,390.0,24111.04,9.571138072063427,1.1637622344234901,36.41074358974359,1.69793784449363
CMP02,Premium Customers,6125.57,203401.0,18407.0,140.0,16291.95,9.049611358842876,0.7605802140490031,43.75407142857143,2.659662692614728
CMP03,Premium Customers,3473.95,145486.0,5407.0,485.0,97850.16,3.7165088049709247,8.969853893101536,7.162783505154639,28.16683026526001
CMP02,Families,9492.14,329068.0,28097.0,202.0,13029.81,8.538356813789246,0.7189379649072855,46.99079207920792,1.372694671591443
CMP02,Seniors,14794.51,422426.0,44914.0,406.0,24697.3,10.632394786305767,0.9039497706728414,36.439679802955666,1.6693557272258426
CMP04,Students,18425.82,1743396.0,16751.0,185.0,7711.52,0.9608258823583398,1.1044116769148111,99.59902702702702,0.41851705921364696
CMP05,Students,14287.98,336468.0,9518.0,188.0,16951.19,2.828797983760714,1.9752048749737339,75.99989361702127,1.1863951377311557
CMP02,Students,7273.39,198280.0,13140.0,132.0,6066.55,6.626992132338108,1.004566210045662,55.101439393939394,0.834074619950257
CMP02,Premium Customers,7341.63,254453.0,17648.0,145.0,16914.24,6.9356619886580235,0.821622846781505,50.63193103448276,2.303880745828924
CMP05,Young Professionals,17499.99,492531.0,18758.0,652.0,74978.8,3.808491242175619,3.4758503038703488,26.8404754601227,4.284505305431603
CMP01,Young Professionals,8594.96,262659.0,9881.0,463.0,46506.46,3.7619118324519625,4.685760550551564,18.56362850971922,5.410898945428484
CMP05,Families,21189.77,381222.0,12226.0,219.0,23117.64,3.2070552066774742,1.7912645182398168,96.7569406392694,1.0909811668555156
CMP02,Families,11012.63,353448.0,33663.0,303.0,20449.92,9.52417328715964,0.900098030478567,36.345313531353135,1.8569515183929723
CMP02,Families,5672.31,248736.0,17861.0,170.0,10664.54,7.180705647755049,0.9517944124069202,33.36652941176471,1.8801052833854286
CMP05,Seniors,19517.82,412555.0,9915.0,191.0,22589.26,2.4033159215134954,1.9263741805345438,102.18753926701571,1.1573659353349912
CMP03,Young Professionals,2266.24,137469.0,3207.0,313.0,24338.42,2.3328895969273074,9.759900218272529,7.240383386581469,10.73955979949167
CMP03,Students,3565.7,142837.0,5361.0,238.0,12340.44,3.75322920531795,4.4394702480880435,14.981932773109243,3.4608744426059403
CMP03,Families,3676.69,254279.0,8175.0,710.0,70091.55,3.2149725301735494,8.685015290519878,5.17843661971831,19.063763874571965
CMP01,Families,9250.68,281258.0,14225.0,561.0,96628.97,5.057633916190828,3.9437609841827768,16.489625668449197,10.445607241846005
CMP04,Students,17639.38,1088576.0,8383.0,106.0,5926.42,0.7700886295490623,1.2644637957771683,166.4092452830189,0.3359766613112252
CMP04,Families,13006.37,752944.0,5101.0,135.0,7828.23,0.6774740219724176,2.646539894138404,96.34348148148149,0.6018766189182685
CMP02,Seniors,12668.84,350919.0,33911.0,235.0,14256.1,9.663483595929545,0.6929904750670874,53.90995744680851,1.1252885031305155
CMP04,Young Professionals,15722.31,1521178.0,11714.0,283.0,17580.76,0.7700610973863676,2.4159125832337374,55.555865724381626,1.118204640412255
CMP03,Students,2924.16,154435.0,7198.0,640.0,41083.47,4.660860556221063,8.891358710752987,4.569,14.049665544977021
CMP02,Families,11443.26,524235.0,42841.0,265.0,18454.55,8.172098390988774,0.6185663266497048,43.18211320754717,1.6127004018085753
CMP02,Seniors,9055.27,227814.0,18034.0,123.0,11001.98,7.916106999569824,0.6820450260618831,73.62008130081301,1.214980889581426
CMP01,Young Professionals,6844.19,200588.0,7368.0,474.0,34223.87,3.673200789678346,6.4332247557003255,14.4392194092827,5.000426639237077
CMP04,Young Professionals,18761.09,2284243.0,15510.0,265.0,23875.88,0.6789995635315507,1.7085751128304318,70.79656603773584,1.272627549891824
CMP04,Seniors,15954.64,1197757.0,10837.0,245.0,15831.01,0.904774507683946,2.2607732767371043,65.12097959183673,0.9922511570301806
CMP05,Young Professionals,13868.51,296144.0,9128.0,215.0,20708.92,3.0822842941271813,2.355390008764242,64.50469767441861,1.4932332312555565
CMP01,Premium Customers,8469.03,205627.0,9681.0,619.0,107580.03,4.708039313903329,6.393967565334159,13.681793214862683,12.702756986337278
CMP05,Seniors,21128.31,507961.0,12240.0,354.0,31829.82,2.4096338104697015,2.892156862745098,59.68449152542373,1.5065009932171574
CMP01,Young Professionals,6152.72,148033.0,6623.0,332.0,23961.0,4.474002418379685,5.012834063113393,18.532289156626508,3.8943751706562297
CMP03,Young Professionals,2562.23,147842.0,5309.0,429.0,41002.33,3.590995792805833,8.080617818798268,5.972564102564102,16.002595395417273
CMP02,Young Professionals,10157.83,256686.0,25901.0,74.0,4422.67,10.090538634752187,0.2857032547005907,137.26797297297298,0.43539515821784774
CMP05,Seniors,21186.43,491278.0,17389.0,225.0,33443.59,3.5395438020835455,1.2939214445914085,94.16191111111111,1.5785382435832747
CMP03,Families,3692.84,137343.0,4793.0,368.0,29881.43,3.4898029022229022,7.6778635510118916,10.034891304347827,8.091720735260667
CMP04,Students,14702.03,1302871.0,8601.0,138.0,4605.0,0.6601574522727116,1.6044645971398672,106.53644927536233,0.31322205164864986
CMP05,Families,13891.37,310121.0,10566.0,345.0,44993.84,3.407057245397764,3.2651902328222597,40.264840579710146,3.2389778689934827
CMP04,Seniors,12744.84,907224.0,4415.0,61.0,5217.36,0.4866493831732846,1.3816534541336352,208.93180327868853,0.4093703804833956
CMP05,Young Professionals,16371.38,441487.0,13351.0,470.0,57750.88,3.0240981048139584,3.520335555389109,34.83272340425532,3.527551128860243
CMP02,Young Professionals,10968.16,335910.0,19071.0,170.0,9255.23,5.677413592926677,0.8914057993812594,64.51858823529412,0.8438270411810185
CMP03,Premium Customers,4076.1,243000.0,8089.0,919.0,108441.13,3.32880658436214,11.361107677092349,4.435364526659412,26.604138760089302
CMP01,Seniors,9861.26,263523.0,10960.0,436.0,27165.23,4.159029762108051,3.9781021897810223,22.61756880733945,2.754742294595214
CMP02,Young Professionals,15249.6,528770.0,38822.0,470.0,24855.03,7.341944512737107,1.2106537530266344,32.445957446808514,1.6298807837582623
CMP03,Families,4083.02,200912.0,8180.0,779.0,95433.48,4.071434259775424,9.52322738386308,5.241360718870347,23.37325802959574
CMP04,Students,11314.19,921844.0,9996.0,206.0,15043.25,1.084348327916654,2.0608243297318927,54.923252427184465,1.32959142457392
CMP03,Young Professionals,2636.36,94161.0,3061.0,298.0,27668.24,3.2508150932976503,9.735380594576934,8.846845637583893,10.494864130847077
CMP05,Seniors,18805.02,530531.0,12451.0,245.0,17932.38,2.346893960956099,1.9677134366717535,76.75518367346939,0.9535953697470144
CMP03,Seniors,2287.77,105674.0,4540.0,314.0,27417.49,4.296231807256278,6.916299559471366,7.285891719745223,11.984373429147162
CMP02,Families,10091.09,301350.0,24914.0,261.0,16853.2,8.267463082794094,1.047603756923818,38.66318007662835,1.670106995379092
CMP04,Seniors,17604.58,1755293.0,15928.0,220.0,16004.56,0.9074268512436385,1.3812154696132597,80.02081818181819,0.9091134238931005
CMP01,Premium Customers,9812.49,245886.5,10576.0,589.0,82098.75,4.301171475457172,5.569213313161876,16.659575551782684,8.366760118991204
CMP03,Young Professionals,3504.8,169479.0,6287.0,697.0,66154.47,3.709604139745927,11.086368697311913,5.028407460545194,18.875390892490298
CMP05,Young Professionals,26088.3,691578.0,19185.0,507.0,57639.63,2.77409055811492,2.6426896012509773,51.45621301775148,2.2094053656236703
CMP03,Families,1854.11,78163.0,3711.0,243.0,20359.43,4.747770684339137,6.548100242522231,7.6300823045267485,10.980702331576875
CMP03,Students,4066.55,145521.0,3784.0,303.0,16168.3,2.6003119824630123,8.00739957716702,13.420957095709571,3.9759255388474255
CMP02,Seniors,15081.35,519963.0,43298.0,93.0,4912.71,8.327130968934329,0.21479052150214792,162.16505376344085,0.32574736346547223
CMP03,Young Professionals,3161.6,118808.0,4587.0,394.0,34954.98,3.8608511211366237,8.589492042729454,8.024365482233502,11.056104504048584
CMP01,Students,8627.7,248279.0,12201.0,620.0,36562.72,4.91422955626533,5.081550692566183,13.915645161290323,4.237829317199253
CMP02,Seniors,7219.69,210253.0,19156.0,176.0,8988.89,9.110928262616943,0.9187721862601795,41.020965909090904,1.245052072872935
CMP03,Seniors,2551.82,122118.0,5364.0,418.0,42432.95,4.392472854124699,7.79269202087994,6.104832535885168,16.6285043615929
CMP04,Families,11975.68,1153099.0,7916.0,75.0,4783.93,0.6864978635832656,0.9474482061647296,159.67573333333334,0.39947042673150923
CMP04,Students,14627.16,1394155.0,10040.0,126.0,6587.03,0.7201494812269797,1.254980079681275,116.08857142857143,0.4503287035897604
CMP05,Families,30631.78,883314.0,18120.0,537.0,43126.07,2.051365652531263,2.9635761589403975,57.042420856610796,1.4078865152465838
CMP05,Families,13550.67,250064.0,7504.0,95.0,6355.06,3.000831787062512,1.2659914712153517,142.63863157894738,0.46898492842051354
CMP03,Families,1731.32,60401.0,1874.0,165.0,14363.15,3.102597639111935,8.80469583778015,10.492848484848485,8.296068895409283
CMP05,Seniors,21378.2,469656.0,25804.0,694.0,43010.35,5.494234077707939,2.6895055030227875,30.804322766570607,2.0118789233892467
CMP05,Premium Customers,15205.99,470329.0,7563.0,236.0,44773.2,1.6080233198463203,3.1204548459605976,64.43216101694915,2.944444919403472
CMP03,Premium Customers,3868.76,179884.0,7289.0,795.0,126177.08,4.052055769273532,10.906845932226643,4.866364779874214,32.614346715743544
CMP04,Families,16990.44,2042157.0,18860.0,186.0,24649.63,0.9235333032670847,0.9862142099681867,91.34645161290322,1.4507940936197063
CMP02,Seniors,13956.02,458740.0,45722.0,195.0,10614.92,9.966865762741422,0.42649052972310925,71.56933333333333,0.7605979355145664
CMP05,Premium Customers,13302.11,313240.0,11375.0,489.0,128705.57,3.6314008428042395,4.2989010989011,27.202678936605317,9.675575528995024
CMP01,Seniors,8410.73,210440.0,8340.0,390.0,26188.65,3.9631248812012925,4.676258992805756,21.56597435897436,3.113719023200127
CMP04,Families,14136.2,2593914.0,10483.0,127.0,10102.85,0.40413830219506125,1.2114852618525231,111.30866141732284,0.7146793339086883
CMP03,Young Professionals,4330.3,215687.0,8349.0,519.0,43915.06,3.8708869797437955,6.216313330937837,8.34354527938343,10.141343555873727
CMP05,Students,17741.31,545311.0,18720.0,536.0,38542.24,3.4329034257515434,2.8632478632478633,33.09945895522388,2.1724573889977683
CMP01,Premium Customers,11352.48,395000.0,16431.0,1156.0,48004.71,4.159746835443038,7.035481711399185,9.820484429065743,4.228565916874551
CMP05,Families,14981.71,373972.0,12128.0,277.0,20009.91,3.243023541869445,2.2839709762532983,54.08559566787003,1.3356225691192796
CMP02,Young Professionals,8891.09,275952.0,24292.0,185.0,13274.0,8.802980228445527,0.7615675942697184,48.05994594594595,1.4929553069421184
CMP03,Students,4247.03,114691.0,5269.0,246.0,10454.13,4.594083232337324,4.66881761245018,17.264349593495933,2.461515459038434
CMP01,Premium Customers,10514.29,283485.0,14520.0,691.0,102019.35,5.1219641250859835,4.758953168044077,15.2160492040521,9.702923354786677
CMP04,Families,18362.23,1216765.0,12456.0,186.0,10069.16,1.023698084675348,1.4932562620423893,98.72166666666666,0.5483625899468637
CMP02,Seniors,10199.06,331874.0,28247.0,271.0,13711.6,8.511362746102437,0.9593939179381882,37.63490774907749,1.3443984053432376
CMP01,Students,10913.18,244497.0,9476.0,416.0,36393.61,3.8757121764275224,4.390037990713381,26.23360576923077,3.3348309108802385
CMP03,Families,2511.07,155320.0,7104.0,592.0,45932.98,4.573783157352562,8.333333333333332,4.241672297297297,18.29219416424074
CMP03,Premium Customers,1020.11,56256.0,1937.0,202.0,30928.82,3.4431882821387942,10.428497676819823,5.050049504950495,30.319102841850388
CMP05,Families,12460.37,310361.0,9710.0,204.0,23859.25,3.128614742187324,2.100926879505664,61.08024509803922,1.9148107158936691
CMP05,Seniors,17769.57,269169.0,7823.0,151.0,11201.69,2.906352514591205,1.93020580340023,117.67927152317881,0.6303861038843371
CMP05,Seniors,25562.53,619793.0,20455.0,303.0,27818.25,3.300295421213212,1.4813004155463212,84.36478547854784,1.088243221621647
CMP02,Young Professionals,12114.09,440270.0,38108.0,460.0,13245.87,8.655597701410498,1.2070956229663063,26.334978260869566,1.0934267452198225
CMP01,Students,13202.18,372064.0,17057.0,678.0,42013.85,4.58442633525415,3.9749076625432376,19.472241887905604,3.182341855663231
CMP01,Families,6513.91,165300.0,7308.0,394.0,39751.0,4.421052631578947,5.391351943076081,16.532766497461928,6.102479156144313
CMP04,Young Professionals,13388.04,817098.0,7630.0,133.0,9750.82,0.9337925193795603,1.743119266055046,100.66195488721806,0.7283231899516284
CMP01,Students,10910.93,290801.0,12077.0,640.0,33971.08,4.153011853466804,5.299329303635009,17.048328125,3.1134907840119954
CMP05,Premium Customers,20404.53,447665.0,13437.0,304.0,27470.52,3.0015748383277674,2.262409764084245,67.12016447368421,1.3462951609275
CMP02,Students,12083.25,516730.0,42050.0,159.0,5937.47,8.137712151413698,0.37812128418549346,75.99528301886792,0.4913802164152856
CMP05,Premium Customers,21317.2,391108.0,10141.0,459.0,113291.29,2.592889943442732,4.526180850014792,46.44270152505447,5.314548345936614
CMP05,Premium Customers,20813.4,438005.0,11650.0,480.0,94688.59,2.6597869887330052,4.120171673819742,43.361250000000005,4.54940519088664
CMP03,Students,2183.31,91475.0,3904.0,266.0,15334.12,4.267832741186116,6.813524590163935,8.207932330827067,7.023336127256322
CMP04,Premium Customers,11704.6,922288.0,5938.0,211.0,19212.02,0.6438335964470968,3.5533849781071067,55.472037914691946,1.641407651692497
CMP01,Students,7251.6,147467.0,6844.0,368.0,26078.17,4.641038334000149,5.376972530683811,19.705434782608698,3.596195322411605
CMP04,Students,15757.41,2162588.0,19211.0,243.0,12649.08,0.8883337926595357,1.2649003175264173,64.84530864197531,0.8027385211148279
CMP03,Seniors,4148.78,152011.0,3424.0,241.0,21965.74,2.252468571353389,7.038551401869158,17.214854771784232,5.2945058547332
CMP04,Seniors,16694.09,1183406.0,9969.0,275.0,21775.81,0.8423989738094957,2.758551509680008,60.70578181818182,1.3044023363956947
CMP01,Young Professionals,7295.72,206915.0,8545.0,630.0,68392.64,4.129715100403547,7.372732592159157,11.580507936507937,9.374350989347178
CMP05,Students,14975.05,363081.0,10612.0,241.0,12568.46,2.922763790999804,2.271013946475688,62.13713692946058,0.8392933579520603
CMP03,Premium Customers,1808.28,70802.0,2322.0,262.0,40483.97,3.2795683737747523,11.283376399655468,6.901832061068702,22.388109142389453
CMP05,Students,22025.6,525284.0,17481.0,548.0,48194.81,3.327914042689288,3.134832103426578,40.192700729927004,2.188126997675432
CMP04,Students,13767.36,1001176.0,10649.0,173.0,8715.82,1.063649148601245,1.6245656869189595,79.58011560693642,0.6330785277642191
CMP03,Families,2973.64,150165.0,6201.0,516.0,47370.92,4.129457596643691,8.321238509917755,5.7628682170542636,15.930280733377275
CMP05,Families,23329.0,602833.0,23537.0,598.0,59729.99,3.904398067126385,2.540680630496665,39.01170568561873,2.560332204552274
CMP01,Families,5652.17,165470.0,6966.0,466.0,50464.87,4.209826554662477,6.689635371805915,12.12912017167382,8.92840625812741
CMP03,Students,2545.72,96192.0,3752.0,280.0,18354.86,3.9005322687957413,7.462686567164178,9.091857142857142,7.210085948179691
CMP02,Students,9516.89,283494.0,22797.0,133.0,6410.61,8.041440030476837,0.5834100978198886,71.55556390977443,0.6736034565913864
CMP01,Seniors,10222.39,294594.0,9333.0,478.0,37433.97,3.168088963115338,5.121611486124505,21.385753138075312,3.66195870046046
CMP01,Families,7193.72,158806.0,6038.0,272.0,30152.49,3.8021233454655365,4.504802914872474,26.4475,4.191501754307924
CMP05,Families,26873.71,515253.0,12809.0,160.0,20254.85,2.4859632064248047,1.2491217112967445,167.9606875,0.7537050150500247
CMP05,Young Professionals,13391.31,240861.0,8023.0,80.0,8775.08,3.3309668231884784,0.997133241929453,167.39137499999998,0.6552816714720218
CMP01,Premium Customers,6634.89,183306.0,7394.0,588.0,116924.92,4.033692295942304,7.952393832837436,11.283826530612245,17.62273677483726
CMP02,Seniors,12243.16,456353.0,32599.0,348.0,24643.43,7.143373660302442,1.0675174085094636,35.18149425287356,2.0128324713554346
CMP03,Young Professionals,3683.57,161424.0,4993.0,493.0,35104.08,3.093096441669145,9.87382335269377,7.471744421906694,9.529907128139278
CMP03,Seniors,4441.74,230360.0,7533.0,609.0,42565.86,3.2700989755165826,8.084428514536041,7.293497536945813,9.583149846681707
CMP03,Families,2236.73,112394.0,4541.0,383.0,33280.21,4.040251258964002,8.434265580268663,5.840026109660575,14.878957227738708
CMP04,Young Professionals,10488.24,1065396.0,7242.0,158.0,10528.49,0.6797472489102644,2.1817177575255453,66.38126582278481,1.0038376314805917
CMP03,Seniors,4668.58,221059.0,7688.0,440.0,29952.74,3.477804568011255,5.723204994797086,10.61040909090909,6.415813802055443
CMP04,Families,21236.37,1319962.0,10169.0,219.0,15174.58,0.7704009660884177,2.1536040908643916,96.96972602739726,0.7145562071107256
CMP04,Young Professionals,17568.91,1690810.0,13772.0,89.0,6042.08,0.8145208509530935,0.6462387452802788,197.4034831460674,0.34390750479113386
CMP01,Young Professionals,10416.69,288948.0,12621.0,686.0,71046.95,4.367913949914864,5.4353854686633385,15.184679300291545,6.8204919220980935
CMP01,Seniors,5524.01,137535.0,6474.0,276.0,23087.74,4.707165448794852,4.263206672845228,20.014528985507248,4.179525381018499
CMP04,Seniors,9494.36,706650.0,6257.0,72.0,3791.15,0.8854454114483832,1.1507112034521336,131.8661111111111,0.3993054824127166
CMP05,Seniors,12922.91,309399.0,9097.0,272.0,23763.03,2.940216354933274,2.9899967022095195,47.51069852941176,1.8388296444067165
CMP04,Students,19293.0,1605109.0,7479.0,186.0,4031.78,0.46594966447761493,2.486963497793823,103.7258064516129,0.2089763126522573
CMP01,Premium Customers,6141.85,178689.0,8382.0,700.0,120303.75,4.690831556503198,8.351228823669768,8.774071428571428,19.58754284132631
CMP03,Families,2321.32,101874.0,4446.0,332.0,36927.02,4.3642146180576,7.467386414754835,6.991927710843374,15.907767994072335
CMP02,Young Professionals,7558.04,235580.0,17879.0,159.0,8917.7,7.589353934969012,0.8893114827451201,47.5348427672956,1.1798958460129876
CMP02,Seniors,15523.85,434859.0,35844.0,290.0,18317.64,8.242671762571316,0.8090614886731391,53.530517241379314,1.1799675982439923
CMP04,Young Professionals,11637.96,818262.0,7781.0,178.0,9681.62,0.9509179211548379,2.287623698753374,65.38179775280898,0.8319000924560663
CMP02,Seniors,12959.87,504358.0,41397.0,223.0,10953.18,8.207860289714846,0.538686378239969,58.11600896860987,0.8451612554755564
CMP05,Seniors,24725.36,479386.0,15848.0,233.0,18677.24,3.305895457939948,1.4702170620898536,106.11742489270387,0.755387990306309
CMP03,Students,3215.95,186161.0,4723.0,246.0,19140.65,2.537051262079598,5.208553885242431,13.072967479674796,5.951787185746048
CMP03,Seniors,2648.21,123561.0,3729.0,252.0,17507.84,3.0179425546895864,6.757843925985519,10.508769841269842,6.611197752444104
CMP02,Seniors,8746.44,250976.0,21473.0,140.0,8377.11,8.55579816396787,0.6519815582359242,62.47457142857143,0.9577736770617531
CMP01,Young Professionals,9925.75,388380.0,19689.0,1309.0,101471.07,5.069519542715897,6.648382345472091,7.582696715049656,10.223012870563938
CMP02,Students,15805.55,555922.0,44303.0,179.0,8263.05,7.969283460629368,0.40403584407376475,88.29916201117318,0.5227942083635179
CMP05,Families,22565.64,432383.0,10284.0,247.0,26040.19,2.37844688620968,2.4017891870867367,91.35886639676113,1.153975247322921
CMP04,Seniors,16524.54,1443580.0,11023.0,167.0,10871.8,0.7635877471286663,1.5150140615077565,98.94934131736528,0.6579184655064527
CMP02,Young Professionals,8892.03,250298.0,22955.0,238.0,13782.13,9.171068086840487,1.0368111522544108,37.3614705882353,1.5499419142760424
CMP04,Premium Customers,11898.77,1527932.0,13253.0,485.0,12649.08,0.8673815326860096,3.6595487814079832,24.533546391752576,1.0630577782409443
CMP02,Students,14630.69,435904.0,28026.0,269.0,16372.57,6.429397298487741,0.9598230214800543,54.38918215613383,1.1190565858479675
CMP05,Students,16606.88,351888.0,11305.0,237.0,14078.88,3.2126699404355934,2.0964175143741706,70.07122362869198,0.8477739346584066
CMP01,Students,9062.36,243104.0,11028.0,521.0,48883.77,4.536330130314598,4.724338048603554,17.394165067178506,5.394154502800594
CMP04,Seniors,7520.63,454629.0,3303.0,63.0,4486.08,0.7265264644358367,1.9073569482288828,119.37507936507937,0.5965032184803667
CMP05,Young Professionals,14614.95,428545.0,11729.0,259.0,33861.15,2.736935444352402,2.2082018927444795,56.42837837837838,2.3168844231420564
CMP02,Premium Customers,8160.62,266803.0,23429.0,320.0,47717.31,8.78138551665461,1.365828673865722,25.5019375,5.84726528131441
CMP01,Students,7854.06,260798.0,13110.0,729.0,45779.56,5.02687904048344,5.560640732265446,10.77374485596708,5.828776454470681
CMP04,Families,15254.93,1499994.0,13026.0,213.0,15128.16,0.8684034736138945,1.63519115614924,71.6193896713615,0.9916898995931152
CMP05,Premium Customers,13158.13,273662.0,7312.0,218.0,34122.1,2.671909143395868,2.9814004376367618,60.35839449541284,2.5932332329897942
CMP01,Families,10283.16,343876.0,9676.0,460.0,49714.41,2.8138049762123556,4.754030591153369,22.354695652173913,4.834545995588905
CMP01,Students,7831.02,187589.0,8434.0,447.0,23374.63,4.495999232364372,5.299976286459569,17.519060402684566,2.984876810428271
CMP04,Families,10844.22,693938.0,3644.0,80.0,7606.67,0.5251189587542403,2.1953896816684964,135.55275,0.7014492513062258
CMP01,Seniors,5843.74,130868.0,7012.0,362.0,20082.76,5.358070727756212,5.162578436965203,16.14292817679558,3.436627912946161
CMP02,Premium Customers,7293.65,367263.0,36938.0,191.0,17588.93,10.05764261578215,0.5170826790838703,38.18664921465968,2.411540175358017
CMP02,Families,9690.35,303226.0,33743.0,417.0,29699.0,11.128003535316893,1.2358118720919895,23.238249400479617,3.0648015809542484
CMP03,Young Professionals,3912.65,208671.0,5856.0,482.0,40732.18,2.8063314979081904,8.23087431693989,8.11753112033195,10.410381710605344
CMP03,Seniors,3291.92,133548.0,6211.0,533.0,37229.97,4.650762272740887,8.581548864917082,6.176210131332082,11.309500230868307
CMP01,Families,7285.19,181144.0,8569.0,540.0,69093.98,4.730490659364925,6.301785505893337,13.491092592592592,9.484169939287789
CMP01,Young Professionals,12219.63,337402.0,19171.0,1325.0,92782.15,5.681946165108683,6.911480882583068,9.222362264150943,7.592877198409444
CMP01,Seniors,11953.14,301399.0,17257.0,908.0,81360.15,5.72563279904711,5.261632960537753,13.164251101321586,6.806592242707774
CMP01,Families,5973.69,150274.0,8291.0,552.0,47166.5,5.517255147264331,6.657821734410807,10.821902173913042,7.895706004161583
CMP05,Premium Customers,14955.64,273385.0,8970.0,288.0,61701.79,3.2810871115825666,3.2107023411371234,51.92930555555555,4.125653599578487
CMP04,Students,11769.46,794809.0,8729.0,154.0,8139.74,1.0982512779799927,1.7642341619887731,76.42506493506492,0.6915984250764267
CMP05,Young Professionals,25362.75,937682.0,45405.0,1129.0,116538.29,4.842259955933888,2.4865102962228827,22.46479185119575,4.594860178805532
CMP03,Young Professionals,3026.23,135119.0,4800.0,506.0,41236.04,3.5524241594446377,10.541666666666668,5.980691699604743,13.626208186423371
